Title,Job_Description,Platform,Link,Date,Company_Name,City,Remote,experience_bucket,experience_reasoning,skills
Junior Research Analyst,(Entry-Level | No Prior Experience Required) StoreNext is a leading technology company specializing in research and market data analysis within Israel...,Indeed,https://www.indeed.com/viewjob?jk=466348bfe369d377,2026-03-02,StoreNext,"Tel Aviv-Yafo, Tel Aviv District, Israel",0.0,0+,Explicit Years,"Excel, Management Skills, Presentation Skills"
Junior Research Analyst,(Entry-Level | No Prior Experience Required) StoreNext is a leading technology company specializing in research and market data analysis within Israel...,Indeed,https://www.indeed.com/viewjob?jk=241e7d5657b0a7d0,2026-03-02,StoreNext,"Raanana, Center District, Israel",0.0,0+,Title Keyword,"Excel, Management Skills, Presentation Skills"
Junior Research Analyst,(Entry-Level | No Prior Experience Required) StoreNext is a leading technology company specializing in research and market data analysis within Israel...,Indeed,https://www.indeed.com/viewjob?jk=c54a7af776fda9d4,2026-03-02,StoreNext,"Judean Foothills, Center District, Israel",0.0,0+,Title Keyword,"Excel, Management Skills, Presentation Skills"
Junior Research Analyst,(Entry-Level | No Prior Experience Required)StoreNext is a leading technology company specializing in research and market data analysis within Israel’...,LinkedIn,https://il.linkedin.com/jobs/view/junior-research-analyst-at-storenext-4405122252,2026-04-27,StoreNext,"Petah Tikva, Center District, Israel",0.0,0+,Title Keyword,"Excel, Management Skills, Presentation Skills"
Junior Research Analyst,(Entry-Level | No Prior Experience Required)StoreNext is a leading technology company specializing in research and market data analysis within Israel’...,LinkedIn,https://il.linkedin.com/jobs/view/junior-research-analyst-at-storenext-4376645242,2026-03-01,StoreNext,"Petah Tikva, Center District, Israel",0.0,0+,Title Keyword,"Excel, Management Skills, Presentation Skills"
SOC Analyst (Part Time) - 235851,A defense-tech company in Holon is hiring a Part-Time SOC Analyst! 🚨 Approximately 3 shifts per week (may change over time)We’re looking for a motivat...,LinkedIn,https://il.linkedin.com/jobs/view/soc-analyst-part-time-235851-at-experis-israel-4286370746,2026-04-30,Experis,"Holon, Tel Aviv District, Israel",0.0,0+,Title Keyword,
Associate Attorney - High-Tech Department (Post-Clerkship),A leading law firm seeks a highly motivated and detail-oriented Associate Attorney to join our thriving High-Tech Department. This role is ideal for a...,LinkedIn,https://il.linkedin.com/jobs/view/associate-attorney-high-tech-department-post-clerkship-at-jobsseek-4384254310,2026-03-13,JobsSeek,"Tel Aviv-Yafo, Tel Aviv District, Israel",0.0,0+,Explicit Years,"Excel, English, Hebrew"
Junior Technical Consultant,"A stable and established company specializing in IT Operations Management (ITOM), providing advanced solutions for IT system management and mapping. T...",LinkedIn,https://il.linkedin.com/jobs/view/junior-technical-consultant-at-dialog-4408820273,2026-05-06,Dialog,"Center District, Israel",0.0,0+,Title Keyword,"Python, JavaScript, Bash"
"Strategy Analyst (Bangkok Based, Relocation Provided)","About AgodaAt Agoda, we bridge the world through travel. Our story began in 2005, when two lifelong friends and entrepreneurs, driven by their passion...",LinkedIn,https://il.linkedin.com/jobs/view/strategy-analyst-bangkok-based-relocation-provided-at-agoda-4410535455,2026-06-09,Agoda,"Tel Aviv-Yafo, Tel Aviv District, Israel",0.0,0+,Explicit Years,"SQL, R, Python, Machine Learning, A/B Testing, Presentation Skills"
"Strategy Analyst (Bangkok Based, Relocation Provided)","About AgodaAt Agoda, we bridge the world through travel. Our story began in 2005, when two lifelong friends and entrepreneurs, driven by their passion...",LinkedIn,https://il.linkedin.com/jobs/view/strategy-analyst-bangkok-based-relocation-provided-at-agoda-4410541330,2026-05-28,Agoda,"West Jerusalem, Jerusalem District, Israel",0.0,0+,Explicit Years,"A/B Testing, Machine Learning, SQL, R, Python, Presentation Skills"
"Marketing Analyst, New Verticals (Bangkok Based, relocation provided)","About AgodaAt Agoda, we bridge the world through travel. Our story began in 2005, when two lifelong friends and entrepreneurs, driven by their passion...",LinkedIn,https://il.linkedin.com/jobs/view/marketing-analyst-new-verticals-bangkok-based-relocation-provided-at-agoda-4410554131,2026-06-17,Agoda,"Tel Aviv-Yafo, Tel Aviv District, Israel",0.0,0+,Title Keyword,"A/B Testing, Statistics, Excel, SQL, Tableau, English, Management Skills"
"Customer Insights Analyst (Bangkok Based, Relocation Provided)","About AgodaAt Agoda, we bridge the world through travel. Our story began in 2005, when two lifelong friends and entrepreneurs, driven by their passion...",LinkedIn,https://il.linkedin.com/jobs/view/customer-insights-analyst-bangkok-based-relocation-provided-at-agoda-4410525931,2026-05-19,Agoda,"Tel Aviv-Yafo, Tel Aviv District, Israel",0.0,0+,Explicit Years,"SQL, R, Python, Machine Learning, A/B Testing, Presentation Skills"
"Analytical roles - Analyst/ Senior Analyst/ Associate Manager (Bangkok Based, Relocation Provided)","About AgodaAt Agoda, we bridge the world through travel. Our story began in 2005, when two lifelong friends and entrepreneurs, driven by their passion...",LinkedIn,https://il.linkedin.com/jobs/view/analytical-roles-analyst-senior-analyst-associate-manager-bangkok-based-relocation-provided-at-agoda-4410537803,2026-05-26,Agoda,"West Jerusalem, Jerusalem District, Israel",0.0,0+,Explicit Years,"SQL, R, Python, Machine Learning, A/B Testing, Presentation Skills"
"Analytical roles - Analyst/ Senior Analyst/ Associate Manager (Bangkok Based, Relocation Provided)","About AgodaAt Agoda, we bridge the world through travel. Our story began in 2005, when two lifelong friends and entrepreneurs, driven by their passion...",LinkedIn,https://il.linkedin.com/jobs/view/analytical-roles-analyst-senior-analyst-associate-manager-bangkok-based-relocation-provided-at-agoda-4410539674,2026-06-16,Agoda,"Tel Aviv-Yafo, Tel Aviv District, Israel",0.0,0+,Explicit Years,"SQL, R, Python, Machine Learning, A/B Testing, Presentation Skills"
"Associate Data Analyst (New Graduate, Thai Speaking) (Marketing Analytics, Bangkok Based)","About AgodaAt Agoda, we bridge the world through travel. Our story began in 2005, when two lifelong friends and entrepreneurs, driven by their passion...",LinkedIn,https://il.linkedin.com/jobs/view/associate-data-analyst-new-graduate-thai-speaking-marketing-analytics-bangkok-based-at-agoda-4299760924,2026-06-30,Agoda,"Tel Aviv-Yafo, Tel Aviv District, Israel",0.0,0+,Explicit Years,"English, Statistics, Excel, R, Python, SQL, Tableau, A/B Testing"
"Analytics Specialist (Bangkok Based, Relocation Provided)","About AgodaAt Agoda, we bridge the world through travel. Our story began in 2005, when two lifelong friends and entrepreneurs, driven by their passion...",LinkedIn,https://il.linkedin.com/jobs/view/analytics-specialist-bangkok-based-relocation-provided-at-agoda-4410528699,2026-05-28,Agoda,"West Jerusalem, Jerusalem District, Israel",0.0,0+,Explicit Years,"A/B Testing, Machine Learning, SQL, R, Python, Presentation Skills"
"Analytics Specialist (Bangkok Based, Relocation Provided)","About AgodaAt Agoda, we bridge the world through travel. Our story began in 2005, when two lifelong friends and entrepreneurs, driven by their passion...",LinkedIn,https://il.linkedin.com/jobs/view/analytics-specialist-bangkok-based-relocation-provided-at-agoda-4410546157,2026-06-09,Agoda,"Tel Aviv-Yafo, Tel Aviv District, Israel",0.0,0+,Explicit Years,"SQL, R, Python, Machine Learning, A/B Testing, Presentation Skills"
Associate Data Analyst- Customer Experience Group | Bangkok-based,"About AgodaAt Agoda, we bridge the world through travel. Our story began in 2005, when two lifelong friends and entrepreneurs, driven by their passion...",LinkedIn,https://il.linkedin.com/jobs/view/associate-data-analyst-customer-experience-group-bangkok-based-at-agoda-4410531763,2026-05-05,Agoda,"Tel Aviv-Yafo, Tel Aviv District, Israel",0.0,0+,Explicit Years,"SQL, Statistics, Machine Learning, A/B Testing, Management Skills"
Clinical Data Analyst (Student Position),"About Holosis HealthHolosis Health is building the next generation of care intelligence for high-risk patients, powered by AI-driven sensing technolog...",LinkedIn,https://il.linkedin.com/jobs/view/clinical-data-analyst-student-position-at-holosis-health-4399505016,2026-04-13,Holosis Health,"Tel Aviv-Yafo, Tel Aviv District, Israel",0.0,0+,Title Keyword,Python
Security Analyst- Maternity Leave Coverage,About Placer.aiPlacer.ai is transforming how organizations understand the physical world. Our location analytics platform provides unprecedented visib...,LinkedIn,https://il.linkedin.com/jobs/view/security-analyst-maternity-leave-coverage-at-placer-ai-4428841001,2026-06-24,Placer.ai,"Ramat Gan, Tel Aviv District, Israel",0.0,0+,Title Keyword,Management Skills
Junior Product Manager & AI Automation Specialist,"About SE7ENSE7EN is an advertising technology company building smarter ways for brands, agencies, and media partners to reach and engage audiences.Ope...",LinkedIn,https://il.linkedin.com/jobs/view/junior-product-manager-ai-automation-specialist-at-se7en-4448373734,2026-08-03,SE7EN,"Tel Aviv-Yafo, Tel Aviv District, Israel",0.0,0+,Explicit Years,"Excel, English, Make, Zapier, n8n, Python, JavaScript, SQL, APIs, Looker, Tableau, Salesforce, Finance / Economics Knowledge, Management Skills"
Financial Consultant at TASC,"About TASCTASC is Israel’s largest management consultancy. For more than 30 years, we have assisted senior management in making the right decisions on...",LinkedIn,https://il.linkedin.com/jobs/view/financial-consultant-at-tasc-at-tasc-consulting-capital-4430222549,2026-06-25,TASC Consulting & Capital,"Tel Aviv-Yafo, Tel Aviv District, Israel",0.0,0+,Title Keyword,"Finance / Economics Knowledge, Hebrew, English"
Security & Vendor Risk Analyst Student,"About Teads

Teads is a leading omnichannel advertising platform focused on driving outcomes for brand and performance advertisers across screens. Wit...",Indeed,https://www.indeed.com/viewjob?jk=acc40489b6014aef,2026-04-09,Teads,"Netanya, Center District, Israel",0.0,0+,Title Keyword,"English, Management Skills"
GRC & Security Student Analyst,"About Teads

Teads is a leading omnichannel advertising platform focused on driving outcomes for brand and performance advertisers across screens. Wit...",Indeed,https://www.indeed.com/viewjob?jk=882d091b646f7c0c,2026-04-09,Teads,"Netanya, Center District, Israel",0.0,0+,Title Keyword,"Machine Learning, English"
GRC & Security Student Analyst,About TeadsTeads is a leading omnichannel advertising platform focused on driving outcomes for brand and performance advertisers across screens. With ...,LinkedIn,https://il.linkedin.com/jobs/view/grc-security-student-analyst-at-teads-4408885038,2026-05-28,Teads,"Netanya, Center District, Israel",0.0,0+,Title Keyword,English
Data Analyst Student,About TeadsTeads is a leading omnichannel advertising platform focused on driving outcomes for brand and performance advertisers across screens. With ...,LinkedIn,https://il.linkedin.com/jobs/view/data-analyst-student-at-teads-4397891323,2026-04-05,Teads,"Netanya, Center District, Israel",0.0,0+,Title Keyword,"Python, SQL, Statistics, A/B Testing, Management Skills, Presentation Skills"
Data Science Intern,"About The Job

We’re looking for a Data Scientist Intern to join our Data Research team. As a data scientist intern you will be in charge of researchi...",Indeed,https://www.indeed.com/viewjob?jk=b05b857598ea6bee,2026-06-09,Rubrik,Israel,0.0,0+,Title Keyword,"Python, Machine Learning, NLP, AWS, Google Cloud, Azure, English, Hebrew"
Accounting Analyst,"About The RoleAs a CBRE Accounting Analyst, you will apply basic accounting fundamentals to create, review and organize financial statements and repor...",LinkedIn,https://il.linkedin.com/jobs/view/accounting-analyst-at-cbre-4400950480,2026-04-12,CBRE,"Bnei Brak, Tel Aviv District, Israel",0.0,0+,Explicit Years,"Excel, Finance / Economics Knowledge"
Junior Operations Analyst,About UnitUnit is a market leader in embedded finance. We offer ready-to-launch financial services - like banking and capital - and serve millions of ...,LinkedIn,https://il.linkedin.com/jobs/view/junior-operations-analyst-at-unit-4405665905,2026-04-23,Unit,"Tel Aviv-Yafo, Tel Aviv District, Israel",0.0,0+,Title Keyword,"English, Finance / Economics Knowledge"
Fund Operation Analyst,"About Viola CreditViola Credit is a global alternative credit asset manager with $4 billion in assets under management, dedicated to supporting the gr...",LinkedIn,https://il.linkedin.com/jobs/view/fund-operation-analyst-at-viola-credit-4435553641,2026-07-01,Viola Credit,"Tel Aviv-Yafo, Tel Aviv District, Israel",0.0,0+,Explicit Years,"Excel, Finance / Economics Knowledge"
Restaurant Development Associate,"About WoltAt Wolt, we create technology that brings joy, simplicity and earnings to the neighborhoods of the world. In 2014 we started with delivery o...",LinkedIn,https://il.linkedin.com/jobs/view/restaurant-development-associate-at-wolt-4399637739,2026-04-13,Wolt,"Ramat Gan, Tel Aviv District, Israel",0.0,0+,Explicit Years,"English, Hebrew"
Restaurant Development Associate,"About WoltAt Wolt, we create technology that brings joy, simplicity and earnings to the neighborhoods of the world. In 2014 we started with delivery o...",LinkedIn,https://il.linkedin.com/jobs/view/restaurant-development-associate-at-wolt-4405792762,2026-04-26,Wolt,"Ramat Gan, Tel Aviv District, Israel",0.0,0+,Explicit Years,"English, Hebrew"
Restaurant Development Associate - fixed term (9 months),"About WoltAt Wolt, we create technology that brings joy, simplicity and earnings to the neighborhoods of the world. In 2014 we started with delivery o...",LinkedIn,https://il.linkedin.com/jobs/view/restaurant-development-associate-fixed-term-9-months-at-wolt-4417591699,2026-05-24,Wolt,"Ramat Gan, Tel Aviv District, Israel",0.0,0+,Explicit Years,"English, Hebrew"
Trust and Safety Associate - Student Position,"About WoltAt Wolt, we create technology that brings joy, simplicity and earnings to the neighborhoods of the world. In 2014 we started with delivery o...",LinkedIn,https://il.linkedin.com/jobs/view/trust-and-safety-associate-student-position-at-wolt-4417130487,2026-05-22,Wolt,"Tel Aviv-Yafo, Tel Aviv District, Israel",0.0,0+,Title Keyword,Management Skills
Junior Analyst - position no. 1618,"About the CompanyIBI is one of Israel’s leading and most innovative investment houses, providing a wide range of financial services including portfoli...",LinkedIn,https://il.linkedin.com/jobs/view/junior-analyst-position-no-1618-at-ibi-investment-house-4407761855,2026-05-04,IBI Investment House,"Tel Aviv-Yafo, Tel Aviv District, Israel",0.0,0+,Explicit Years,"Excel, Finance / Economics Knowledge, English"
Junior Operations Analyst - position no. 1618,"About the CompanyIBI is one of Israel’s leading and most innovative investment houses, providing a wide range of financial services including portfoli...",LinkedIn,https://il.linkedin.com/jobs/view/junior-operations-analyst-position-no-1618-at-ibi-investment-house-4415295157,2026-06-18,IBI Investment House,"Tel Aviv-Yafo, Tel Aviv District, Israel",0.0,0+,Title Keyword,"Excel, Finance / Economics Knowledge, English, Management Skills"
Junior Business Analyst,About the CompanyNostromo Energy develops innovative thermal energy storage solutions for data centers and commercial and industrial (C&I) buildings a...,LinkedIn,https://il.linkedin.com/jobs/view/junior-business-analyst-at-nostromo-energy-4445858250,2026-08-02,Nostromo Energy,"Shdema, Center District, Israel",0.0,0+,Title Keyword,"Excel, English, Python, Power BI, SQL, Finance / Economics Knowledge"
Junior Financial Analyst,"About the CompanyPrometheus Financial Advisory is an independent economic and financial advisory firm specializing in business valuations, financial m...",LinkedIn,https://il.linkedin.com/jobs/view/junior-financial-analyst-at-prometheus-financial-advisory-4401871427,2026-06-14,Prometheus Financial Advisory,"Tel Aviv-Yafo, Tel Aviv District, Israel",0.0,0+,Explicit Years,"Excel, Finance / Economics Knowledge, English, Hebrew, Management Skills"
Marketing Associate (Part-Time Student Position),About the RoleWe are looking for a motivated and enthusiastic student to join our team as a part-time Marketing Assistant. This is an excellent opport...,LinkedIn,https://il.linkedin.com/jobs/view/marketing-associate-part-time-student-position-at-moore-management-consulting-4422798799,2026-06-10,Moore Management Consulting,"Bnei Brak, Tel Aviv District, Israel",0.0,0+,Title Keyword,"Hebrew, English, Management Skills"
Junior Analyst,"About the jobCompany DescriptionMiracle is the leading FinOps Services company in Israel, based on the latest STKI report. We specialize in TEM & FinO...",LinkedIn,https://il.linkedin.com/jobs/view/junior-analyst-at-miracle-finops-tem-services-by-tamar-4436959672,2026-07-04,Miracle FinOps & TEM services By Tamar,"Tel Aviv-Yafo, Tel Aviv District, Israel",0.0,0+,Explicit Years,"Excel, Finance / Economics Knowledge, Management Skills"
Junior FinOps Analyst,"About the jobCompany DescriptionMiracle is the leading FinOps Services company in Israel, based on the latest STKI report. We specialize in TEM & FinO...",LinkedIn,https://il.linkedin.com/jobs/view/junior-finops-analyst-at-miracle-finops-tem-services-by-tamar-4436959607,2026-07-04,Miracle FinOps & TEM services By Tamar,"Tel Aviv-Yafo, Tel Aviv District, Israel",0.0,0+,Explicit Years,"AWS, Azure, Google Cloud, Excel, English, Hebrew, Management Skills, Finance / Economics Knowledge"
Data QA Analyst Student Position,"About usAt Theranica Bio-Electronics, we are at the forefront of developing innovative, wearable treatments for migraine and other pain conditions, me...",LinkedIn,https://il.linkedin.com/jobs/view/data-qa-analyst-student-position-at-theranica-4427184464,2026-06-11,Theranica,"Caesarea, North District, Israel",0.0,0+,Title Keyword,"ETL, BigQuery, APIs, Statistics"
Compliance Analyst,"Apply now »
Compliance Analyst
Date: Mar 15, 2026
Location:

Shoham, Israel, 0000000

Company: Teva Pharmaceuticals
Job Id: 66753
We Are Teva
We’re Te...",Indeed,https://www.indeed.com/viewjob?jk=fbd16c7f3329ffc4,2026-03-30,Teva Pharmaceuticals,"Shoham, Center District, Israel",0.0,0+,Title Keyword,"Excel, English, Management Skills"
SOC Analyst,"AppsFlyer's Security team is looking for a security-savvy person to join us as a SOC Analyst and be a part of our security operations team.

The succe...",Indeed,https://www.indeed.com/viewjob?jk=314b39410acfbad0,2026-07-02,AppsFlyer,"Herzliya, Tel Aviv District, Israel",0.0,0+,Explicit Years,"Python, PowerShell, Bash, Elasticsearch, AWS"
SOC Analyst,AppsFlyer’s Security team is looking for a security-savvy person to join us as a SOC Analyst and be a part of our security operations team.The success...,LinkedIn,https://il.linkedin.com/jobs/view/soc-analyst-at-appsflyer-4435219592,2026-07-02,AppsFlyer,"Herzliya, Tel Aviv District, Israel",0.0,0+,Explicit Years,"Elasticsearch, AWS, Python, PowerShell, Bash"
Remote: Online Data Analyst - Hebrew (IL),Are you a detail-oriented individual with a passion for research and a good understanding of national and local geography? This freelance opportunity ...,LinkedIn,https://il.linkedin.com/jobs/view/remote-online-data-analyst-hebrew-il-at-telus-digital-4387831968,2026-03-19,TELUS Digital,"Rahat, South District, Israel",1.0,0+,Explicit Years,"English, Hebrew"
Remote: Online Data Analyst - Hebrew (IL),Are you a detail-oriented individual with a passion for research and a good understanding of national and local geography? This freelance opportunity ...,LinkedIn,https://il.linkedin.com/jobs/view/remote-online-data-analyst-hebrew-il-at-telus-digital-4390331057,2026-03-25,TELUS Digital,"Ashdod, South District, Israel",1.0,0+,Explicit Years,"English, Hebrew"
Remote: Online Data Analyst - Hebrew (IL),Are you a detail-oriented individual with a passion for research and a good understanding of national and local geography? This freelance opportunity ...,LinkedIn,https://il.linkedin.com/jobs/view/remote-online-data-analyst-hebrew-il-at-telus-digital-4384162927,2026-03-11,TELUS Digital,"Modiin-Maccabim-Reut, Center District, Israel",1.0,0+,Explicit Years,"English, Hebrew"
Remote: Online Data Analyst - Hebrew (IL),Are you a detail-oriented individual with a passion for research and a good understanding of national and local geography? This freelance opportunity ...,LinkedIn,https://il.linkedin.com/jobs/view/remote-online-data-analyst-hebrew-il-at-telus-digital-4390317811,2026-03-25,TELUS Digital,"Netanya, Center District, Israel",1.0,0+,Explicit Years,"English, Hebrew"
Remote: Online Data Analyst - Hebrew (IL),Are you a detail-oriented individual with a passion for research and a good understanding of national and local geography? This freelance opportunity ...,LinkedIn,https://il.linkedin.com/jobs/view/remote-online-data-analyst-hebrew-il-at-telus-digital-4387843381,2026-03-19,TELUS Digital,"Ramla, Center District, Israel",1.0,0+,Explicit Years,"English, Hebrew"
Remote: Online Data Analyst - Hebrew (IL),Are you a detail-oriented individual with a passion for research and a good understanding of national and local geography? This freelance opportunity ...,LinkedIn,https://il.linkedin.com/jobs/view/remote-online-data-analyst-hebrew-il-at-telus-digital-4387853015,2026-03-19,TELUS Digital,"Lod, Center District, Israel",1.0,0+,Explicit Years,"English, Hebrew"
Remote: Online Data Analyst - Hebrew (IL),Are you a detail-oriented individual with a passion for research and a good understanding of national and local geography? This freelance opportunity ...,LinkedIn,https://il.linkedin.com/jobs/view/remote-online-data-analyst-hebrew-il-at-telus-digital-4387843466,2026-03-19,TELUS Digital,"Raanana, Center District, Israel",1.0,0+,Explicit Years,"English, Hebrew"
Remote: Online Data Analyst - Hebrew (IL),Are you a detail-oriented individual with a passion for research and a good understanding of national and local geography? This freelance opportunity ...,LinkedIn,https://il.linkedin.com/jobs/view/remote-online-data-analyst-hebrew-il-at-telus-digital-4390312807,2026-03-25,TELUS Digital,"Haifa, North District, Israel",1.0,0+,Explicit Years,"English, Hebrew"
Remote: Online Data Analyst - Hebrew (IL),Are you a detail-oriented individual with a passion for research and a good understanding of national and local geography? This freelance opportunity ...,LinkedIn,https://il.linkedin.com/jobs/view/remote-online-data-analyst-hebrew-il-at-telus-digital-4390311879,2026-03-25,TELUS Digital,"Tel Aviv-Yafo, Tel Aviv District, Israel",1.0,0+,Explicit Years,"English, Hebrew"
Remote: Online Data Analyst - Hebrew (IL),Are you a detail-oriented individual with a passion for research and a good understanding of national and local geography? This freelance opportunity ...,LinkedIn,https://il.linkedin.com/jobs/view/remote-online-data-analyst-hebrew-il-at-telus-digital-4384179070,2026-03-11,TELUS Digital,"Kfar Saba, Center District, Israel",1.0,0+,Explicit Years,"English, Hebrew"
Remote: Online Data Analyst - Hebrew (IL),Are you a detail-oriented individual with a passion for research and a good understanding of national and local geography? This freelance opportunity ...,LinkedIn,https://il.linkedin.com/jobs/view/remote-online-data-analyst-hebrew-il-at-telus-digital-4384165875,2026-03-11,TELUS Digital,"Herzliya, Tel Aviv District, Israel",1.0,0+,Explicit Years,"English, Hebrew"
Remote: Online Data Analyst - Hebrew (IL),Are you a detail-oriented individual with a passion for research and a good understanding of national and local geography? This freelance opportunity ...,LinkedIn,https://il.linkedin.com/jobs/view/remote-online-data-analyst-hebrew-il-at-telus-digital-4387832883,2026-03-19,TELUS Digital,"Nazareth, North District, Israel",1.0,0+,Explicit Years,"English, Hebrew"
Remote: Online Data Analyst - Hebrew (IL),Are you a detail-oriented individual with a passion for research and a good understanding of national and local geography? This freelance opportunity ...,LinkedIn,https://il.linkedin.com/jobs/view/remote-online-data-analyst-hebrew-il-at-telus-digital-4381432568,2026-03-05,TELUS Digital,"Ashkelon, South District, Israel",1.0,0+,Explicit Years,"English, Hebrew"
Remote: Online Data Analyst - Hebrew (IL),Are you a detail-oriented individual with a passion for research and a good understanding of national and local geography? This freelance opportunity ...,LinkedIn,https://il.linkedin.com/jobs/view/remote-online-data-analyst-hebrew-il-at-telus-digital-4381422958,2026-03-05,TELUS Digital,"Bat Yam, Tel Aviv District, Israel",1.0,0+,Explicit Years,"English, Hebrew"
Online Data Analyst - Hebrew speaker | Israel (Remote),Are you a detail-oriented individual with a passion for research and a good understanding of national and local geography? This freelance opportunity ...,LinkedIn,https://il.linkedin.com/jobs/view/online-data-analyst-hebrew-speaker-israel-remote-at-telus-digital-4399278007,2026-04-08,TELUS Digital,"Ramat Gan, Tel Aviv District, Israel",1.0,0+,Explicit Years,"English, Hebrew"
Online Data Analyst - Hebrew speaker | Israel (Remote),Are you a detail-oriented individual with a passion for research and a good understanding of national and local geography? This freelance opportunity ...,LinkedIn,https://il.linkedin.com/jobs/view/online-data-analyst-hebrew-speaker-israel-remote-at-telus-digital-4399258760,2026-04-08,TELUS Digital,"Givatayim, Tel Aviv District, Israel",1.0,0+,Explicit Years,"English, Hebrew"
Online Data Analyst - Hebrew speaker | Israel (Remote),Are you a detail-oriented individual with a passion for research and a good understanding of national and local geography? This freelance opportunity ...,LinkedIn,https://il.linkedin.com/jobs/view/online-data-analyst-hebrew-speaker-israel-remote-at-telus-digital-4399275044,2026-04-08,TELUS Digital,"Herzliya, Tel Aviv District, Israel",1.0,0+,Explicit Years,"English, Hebrew"
Online Data Analyst - Hebrew,Are you a detail-oriented individual with a passion for research and a good understanding of national and local geography? This freelance opportunity ...,LinkedIn,https://il.linkedin.com/jobs/view/online-data-analyst-hebrew-at-telus-digital-4400522519,2026-04-10,TELUS Digital,Israel,1.0,0+,Explicit Years,"English, Hebrew"
Payments Operations Analyst - 6 month FTC (Fixed Term Contract),"Are you looking for a career move that will put you at the heart of a global financial institution? Then bring your skills in analysis, problem solvin...",LinkedIn,https://il.linkedin.com/jobs/view/payments-operations-analyst-6-month-ftc-fixed-term-contract-at-citi-4426088893,2026-06-10,Citi,"Tel Aviv-Yafo, Tel Aviv District, Israel",0.0,0+,Explicit Years,Finance / Economics Knowledge
SOC Analyst (Student position),"As a SOC (Security Operations Center) Analyst, you will serve as the first line of defense against cybersecurity threats. You'll monitor security aler...",LinkedIn,https://il.linkedin.com/jobs/view/soc-analyst-student-position-at-mobileye-4442286954,2026-07-21,Mobileye,"Jerusalem, Jerusalem District, Israel",0.0,0+,Title Keyword,English
Robotic Process Automation Consultant,"As part of our rapid growth in the RPA and AI domain, we are looking for experienced Automation Developers to join our teamThis is an exciting opportu...",LinkedIn,https://il.linkedin.com/jobs/view/robotic-process-automation-consultant-at-ez-r-o-i-4423682163,2026-06-11,EZ-R.O.I,"Tel Aviv-Yafo, Tel Aviv District, Israel",0.0,0+,Explicit Years,"SQL, JavaScript, Machine Learning, Management Skills"
Strategy Analyst,"At Econergy, we are committed to powering a sustainable future by developing, owning, and operating utility-scale renewable energy projects. Our work ...",LinkedIn,https://il.linkedin.com/jobs/view/strategy-analyst-at-econergy-renewable-energy-ltd-4379179370,2026-03-03,Econergy Renewable Energy Ltd.,"Kfar Saba, Center District, Israel",0.0,0+,Explicit Years,"Excel, Finance / Economics Knowledge"
Relationship Manager Associate I,"At HSBC, our purpose is opening up a world of opportunities and by joining our team, you can be part of something bigger. We are committed to removing...",LinkedIn,https://il.linkedin.com/jobs/view/relationship-manager-associate-i-at-hsbc-innovation-banking-4408298657,2026-04-29,HSBC Innovation Banking,"Tel Aviv-Yafo, Tel Aviv District, Israel",0.0,0+,Title Keyword,"English, Hebrew"
Junior AI Consultant,"At KPMG Israel, our Digital Transformation team is at the heart of driving technology-enabled change for organizations across industries. We deliver c...",LinkedIn,https://il.linkedin.com/jobs/view/junior-ai-consultant-at-kpmg-israel-4402157950,2026-04-16,KPMG Israel,"Tel Aviv-Yafo, Tel Aviv District, Israel",0.0,0+,Explicit Years,"Machine Learning, Management Skills, Presentation Skills"
Compliance Analyst,"At Kissterra, we are revolutionizing the insurance industry with the world's first Marketing OS - a comprehensive solution tailored to the unique mark...",LinkedIn,https://il.linkedin.com/jobs/view/compliance-analyst-at-kissterra-4388658084,2026-03-22,Kissterra,"Tel Aviv-Yafo, Tel Aviv District, Israel",0.0,0+,Title Keyword,"English, Management Skills"
Business Analyst Student,"At NiCE, we don’t limit our challenges. We challenge our limits. Always. We’re ambitious. We’re game changers. And we play to win. We set the highest ...",Indeed,https://www.indeed.com/viewjob?jk=4bfd4acce6d4b91f,2026-04-14,NiCE,"Raanana, Center District, Israel",0.0,0+,Title Keyword,"Salesforce, Excel, Management Skills"
Business Analyst Student,"At NiCE, we don’t limit our challenges. We challenge our limits. Always. We’re ambitious. We’re game changers. And we play to win. We set the highest ...",LinkedIn,https://il.linkedin.com/jobs/view/business-analyst-student-at-nice-4399779062,2026-04-14,NiCE,"Raanana, Center District, Israel",0.0,0+,Title Keyword,"Excel, Salesforce, Management Skills"
Support Associate - part time (Student position),BiltOn is a leading start-up company in the field of Construction Tech that develops and implements systems for managing construction sites in the fie...,LinkedIn,https://il.linkedin.com/jobs/view/support-associate-part-time-student-position-at-bilton-4446906644,2026-07-30,BiltOn,"Ramat Gan, Tel Aviv District, Israel",0.0,0+,Title Keyword,"English, Hebrew, Management Skills"
Associate TSE I,"Building on the rapid success and adoption of MongoDB, we are delivering applications and services that make it much easier to manage and scale databa...",LinkedIn,https://il.linkedin.com/jobs/view/associate-tse-i-at-mongodb-4383207031,2026-04-22,MongoDB,"Tel Aviv-Yafo, Tel Aviv District, Israel",0.0,0+,Title Keyword,"MongoDB, Linux, Bash, AWS, Azure, Google Cloud, APIs"
Data Analyst- Student position,Can't wait until graduation to start your high-tech career? Are you passionate about working with billions of data points daily and turning raw data i...,LinkedIn,https://il.linkedin.com/jobs/view/data-analyst-student-position-at-appsflyer-4422571106,2026-05-31,AppsFlyer,"Herzliya, Tel Aviv District, Israel",0.0,0+,Title Keyword,"SQL, Data Modeling, Statistics, Python, Tableau, Looker, BigQuery, AWS, English, Presentation Skills, Management Skills"
Contract and Tender Analyst - 1 year contract (maternity leave cover),"Careers that change lives start here. Medtronic is a global leader in healthcare technology with a Mission to alleviate pain, restore health, and exte...",Indeed,https://www.indeed.com/viewjob?jk=581ca8a47ee8ac35,2026-07-21,Medtronic,"Herzliya, Tel Aviv District, Israel",0.0,0+,Explicit Years,"Excel, English"
Credit Analyst,"Citi continues to enhance its business control and governance framework by building out Institutional Credit Management (ICM), a first line of defense...",LinkedIn,https://il.linkedin.com/jobs/view/credit-analyst-at-citi-4396314456,2026-04-30,Citi,"Tel Aviv-Yafo, Tel Aviv District, Israel",0.0,0+,Explicit Years,Finance / Economics Knowledge
Clinical Research Associate 1 - CFSP,"Clinical Research Associate Your Responsibilities Will IncludePerforming site selection, initiation, monitoring and close-out visits after completing ...",LinkedIn,https://il.linkedin.com/jobs/view/clinical-research-associate-1-cfsp-at-iqvia-4410828226,2026-05-28,IQVIA,"Netanya, Center District, Israel",0.0,0+,Explicit Years,"Excel, Hebrew, English"
Data Analyst,Comblack is hiring a Data Analyst (Security & AI) for a leading organization.This is a unique opportunity to join a specialized team operating at the ...,LinkedIn,https://il.linkedin.com/jobs/view/data-analyst-at-comblack-4432571066,2026-06-24,Comblack,"Center District, Israel",0.0,0+,Explicit Years,"Python, SQL, Power BI, Tableau"
Business Analyst Student Program 2026,"Company Description

Wix makes it possible for anyone to succeed online. Since 2006, we’ve grown to around 5,300 employees in 22 countries, launched o...",Indeed,https://www.indeed.com/viewjob?jk=f1b78b12bbbd1ca9,2026-04-22,"Wix.com, Inc.","Tel Aviv-Yafo, Tel Aviv District, Israel",0.0,0+,Title Keyword,"SQL, Tableau, Presentation Skills, English"
Junior Data Analyst (Full-Time) - Rishon Le Zion,"Company Description Analytical Factor specializes in Oracle Demantra and Oracle Demand Management Cloud solutions, offering expertise in forecast tuni...",LinkedIn,https://il.linkedin.com/jobs/view/junior-data-analyst-full-time-rishon-le-zion-at-analytical-factor-4404827320,2026-06-02,Analytical Factor,"Rishon Lezion, Center District, Israel",0.0,0+,Title Keyword,"Excel, SQL, Oracle, Statistics, Python, R"
Junior Transport Modeler,"Company Description GL Urban Systems Planning & Management Ltd specializes in a wide range of transportation planning projects, including transportati...",LinkedIn,https://il.linkedin.com/jobs/view/junior-transport-modeler-at-gl-urban-systems-planning-management-4430436968,2026-06-18,GL Urban Systems Planning & Management,"Tel Aviv-Yafo, Tel Aviv District, Israel",0.0,0+,Title Keyword,"Excel, Python, R, MATLAB, Presentation Skills"
Junior Forensic and Internal Audit Consultant,"Company DescriptionMONAROV & Co. is a leading provider of Forensic Accounting, Internal Audit, Risk Management, Cyber Security, and Consulting service...",LinkedIn,https://il.linkedin.com/jobs/view/junior-forensic-and-internal-audit-consultant-at-monarov-co-4400160571,2026-04-16,MONAROV & Co.,"Ramat Gan, Tel Aviv District, Israel",0.0,0+,Title Keyword,Finance / Economics Knowledge
Junior Forensic and Internal Audit Consultant,"Company DescriptionMONAROV & Co. is a leading provider of Forensic Accounting, Internal Audit, Risk Management, Cyber Security, and Consulting service...",LinkedIn,https://il.linkedin.com/jobs/view/junior-forensic-and-internal-audit-consultant-at-monarov-co-4388405033,2026-03-24,MONAROV & Co.,"Ramat Gan, Tel Aviv District, Israel",1.0,0+,Explicit Years,Finance / Economics Knowledge
Junior Forensic and Internal Audit Consultant,"Company DescriptionMONAROV & Co. is a leading provider of Forensic Accounting, Internal Audit, Risk Management, Cyber Security, and Consulting service...",LinkedIn,https://il.linkedin.com/jobs/view/junior-forensic-and-internal-audit-consultant-at-monarov-co-4408837111,2026-05-06,MONAROV & Co.,"Ramat Gan, Tel Aviv District, Israel",0.0,0+,Explicit Years,Finance / Economics Knowledge
Associate,"Company DescriptionOr-Hof Law, founded by Dan Or-Hof, is recognized for its expertise in Technology, Data Protection, Cyber & IP, and Space Law. The f...",LinkedIn,https://il.linkedin.com/jobs/view/associate-at-or-hof-law-4408419765,2026-05-05,Or-Hof Law,"Tel Aviv-Yafo, Tel Aviv District, Israel",0.0,0+,Explicit Years,"English, Hebrew"
Trading Risk Manager,"Company DescriptionRUBIK Prop Firm Consulting is a leading boutique agency specializing in risk-management, operations, and strategy for modern prop f...",LinkedIn,https://il.linkedin.com/jobs/view/trading-risk-manager-at-rubik-prop-firm-consulting-4444798720,2026-07-24,RUBIK Prop Firm Consulting,"Netanya, Center District, Israel",0.0,0+,Title Keyword,"Excel, Power BI, R, Python, Statistics, English, Finance / Economics Knowledge"
Trading Risk Analyst,"Company DescriptionRUBIK Prop Firm Consulting is a leading boutique agency specializing in risk-management, operations, and strategy for modern prop f...",LinkedIn,https://il.linkedin.com/jobs/view/trading-risk-analyst-at-rubik-prop-firm-consulting-4424845674,2026-06-12,RUBIK Prop Firm Consulting,"Netanya, Center District, Israel",0.0,0+,Title Keyword,"Excel, Power BI, R, Python, Statistics, Finance / Economics Knowledge, English"
Data Operations Lead (Entry Level),"Company DescriptionWe’re building the AI revenue engine for the interior finishes world — transforming how projects are estimated, priced and won.We’r...",LinkedIn,https://il.linkedin.com/jobs/view/data-operations-lead-entry-level-at-materialspace-4429038660,2026-06-18,Materialspace,"Tel Aviv-Yafo, Tel Aviv District, Israel",0.0,0+,Title Keyword,"English, Management Skills"
BI Developer & Data Analyst Student,Company OverviewKLA is a global leader in diversified electronics for the semiconductor manufacturing ecosystem. Virtually every electronic device in ...,LinkedIn,https://il.linkedin.com/jobs/view/bi-developer-data-analyst-student-at-kla-4427320590,2026-06-17,KLA,"Migdal Haemek, North District, Israel",0.0,0+,Title Keyword,"Python, SQL, Power BI, Excel, Data Modeling, English"
Student Business Analyst,Company OverviewKLA is a global leader in diversified electronics for the semiconductor manufacturing ecosystem. Virtually every electronic device in ...,LinkedIn,https://il.linkedin.com/jobs/view/student-business-analyst-at-kla-4401267011,2026-04-19,KLA,"Center District, Israel",0.0,0+,Title Keyword,"Excel, Power BI, SAP, English, SQL"
Student Business Analyst,Company OverviewKLA is a global leader in diversified electronics for the semiconductor manufacturing ecosystem. Virtually every electronic device in ...,LinkedIn,https://il.linkedin.com/jobs/view/student-business-analyst-at-kla-4422709956,2026-07-01,KLA,"Center District, Israel",0.0,0+,Title Keyword,"Excel, Power BI, SAP, SQL, English"
Growth and Client Associate,"DOCERE is looking for a Client & Growth Associate | HealthTech & AI(Part-Time → Full-Time)If you’re at the beginning of your career, with a real hunge...",LinkedIn,https://il.linkedin.com/jobs/view/growth-and-client-associate-at-docere-4398891627,2026-04-10,DOCERE,"Rehovot, Center District, Israel",0.0,0+,Title Keyword,Excel
Growth and Client Associate,"DOCERE is looking for a Client & Growth Associate | HealthTech & AI(Part-Time → Full-Time)If you’re at the beginning of your career, with a real hunge...",LinkedIn,https://il.linkedin.com/jobs/view/growth-and-client-associate-at-docere-4382520253,2026-03-10,DOCERE,"Rehovot, Center District, Israel",0.0,0+,Title Keyword,Excel
Tax professional Junior,Deloitte Israel is Looking for a talented Transfer Pricing Analyst to join our amazing team. The Transfer Pricing team includes a dedicated team for c...,LinkedIn,https://il.linkedin.com/jobs/view/tax-professional-junior-at-deloitte-4416228828,2026-05-18,Deloitte,"Tel Aviv-Yafo, Tel Aviv District, Israel",0.0,0+,Title Keyword,"Excel, Finance / Economics Knowledge, English"
U.S Tax Consultant,"Deloitte Israel's U.S. Tax Practice is seeking motivated individuals with relevant background in accounting, economics, management, or related fields ...",LinkedIn,https://il.linkedin.com/jobs/view/u-s-tax-consultant-at-deloitte-4407189064,2026-04-27,Deloitte,"Tel Aviv-Yafo, Tel Aviv District, Israel",0.0,0+,Title Keyword,"Finance / Economics Knowledge, English"
U.S Tax Consultant,"Deloitte Israel's U.S. Tax Practice is seeking motivated individuals with relevant background in accounting, economics, management, or related fields ...",LinkedIn,https://il.linkedin.com/jobs/view/u-s-tax-consultant-at-deloitte-4418939867,2026-06-11,Deloitte,"Tel Aviv-Yafo, Tel Aviv District, Israel",0.0,0+,Title Keyword,"Finance / Economics Knowledge, English"
Junior Internal Audit Consultant,"Deloitte, the leading and largest firm in the world for consulting and accounting services, is looking for a junior internal auditor (SOX) for an entr...",LinkedIn,https://il.linkedin.com/jobs/view/junior-internal-audit-consultant-at-deloitte-4387833391,2026-04-16,Deloitte,"Tel Aviv-Yafo, Tel Aviv District, Israel",0.0,0+,Title Keyword,"Excel, SQL, English, Finance / Economics Knowledge"
Junior Planning & Control Analyst,Department: OperationsLocation: EMEA-IsraelDescriptionAre you an analytical thinker with strong attention to detail and a passion for solving complex ...,LinkedIn,https://il.linkedin.com/jobs/view/junior-planning-control-analyst-at-align-technology-4449116444,2026-08-05,Align Technology,"Petah Tikva, Center District, Israel",0.0,0+,Title Keyword,"Excel, Power BI, SQL, SAP, Finance / Economics Knowledge, Management Skills"
Clinical Research Coordinator 1,DepartmentBSD OBG - Lengyel LabAbout The DepartmentThe Lengyel/Kenny laboratory is part of the Department of Obstetrics and Gynecology/ Section of Gyn...,LinkedIn,https://il.linkedin.com/jobs/view/clinical-research-coordinator-1-at-biological-sciences-division-at-the-university-of-chicago-4384340605,2026-03-11,Biological Sciences Division at the University of Chicago,"Rishon Lezion, Center District, Israel",0.0,0+,Explicit Years,Management Skills
