question,document
support engineer jobs in Herzliya Israel with storage or backup systems,https://il.linkedin.com/jobs/view/technical-support-engineer-iii-israel-at-cohesity-4415367466
technical support role in Tel Aviv area working on cloud and databases,https://il.linkedin.com/jobs/view/technical-support-engineer-iii-israel-at-cohesity-4415367466
enterprise support engineer opening Israel troubleshooting Linux and networking tools,https://il.linkedin.com/jobs/view/technical-support-engineer-iii-israel-at-cohesity-4415367466
job for data protection / backup support engineer near Herzliya,https://il.linkedin.com/jobs/view/technical-support-engineer-iii-israel-at-cohesity-4415367466
customer-facing tech support position in Israel with nights or shift work,https://il.linkedin.com/jobs/view/technical-support-engineer-iii-israel-at-cohesity-4415367466
entry level data analyst job tel aviv excel powerpoint,https://www.indeed.com/viewjob?jk=466348bfe369d377
junior research analyst job in tel aviv no experience,https://www.indeed.com/viewjob?jk=466348bfe369d377
market research analyst role israel consumer goods,https://www.indeed.com/viewjob?jk=466348bfe369d377
graduate analytics position tel aviv retail data,https://www.indeed.com/viewjob?jk=466348bfe369d377
data analysis job for economics graduate in tel aviv,https://www.indeed.com/viewjob?jk=466348bfe369d377
junior data analyst jobs in raanana,https://www.indeed.com/viewjob?jk=241e7d5657b0a7d0
entry level market research analyst israel no experience,https://www.indeed.com/viewjob?jk=241e7d5657b0a7d0
excel powerpoint analyst role near tel aviv area,https://www.indeed.com/viewjob?jk=241e7d5657b0a7d0
business analyst trainee FMCG company raanana,https://www.indeed.com/viewjob?jk=241e7d5657b0a7d0
data research job for recent graduates in israel,https://www.indeed.com/viewjob?jk=241e7d5657b0a7d0
entry level data analyst jobs in Israel economics background Excel,https://www.indeed.com/viewjob?jk=c54a7af776fda9d4
junior market research analyst FMCG Israel no experience,https://www.indeed.com/viewjob?jk=c54a7af776fda9d4
research analyst job center district Israel PowerPoint Excel,https://www.indeed.com/viewjob?jk=c54a7af776fda9d4
business analyst for consumer goods company in Israel fresh graduate,https://www.indeed.com/viewjob?jk=c54a7af776fda9d4
analyst role near Jerusalem area with Excel and presentation skills,https://www.indeed.com/viewjob?jk=c54a7af776fda9d4
junior data analyst jobs petah tikva excel,https://il.linkedin.com/jobs/view/junior-research-analyst-at-storenext-4405122252
entry level market research analyst israel no experience,https://il.linkedin.com/jobs/view/junior-research-analyst-at-storenext-4405122252
economics graduate analyst role in petah tikva,https://il.linkedin.com/jobs/view/junior-research-analyst-at-storenext-4405122252
consumer goods data analysis jobs center district,https://il.linkedin.com/jobs/view/junior-research-analyst-at-storenext-4405122252
excel powerpoint research analyst full time israel,https://il.linkedin.com/jobs/view/junior-research-analyst-at-storenext-4405122252
