question,document,score,reasoning
support engineer jobs in Herzliya Israel with storage or backup systems,https://il.linkedin.com/jobs/view/technical-support-engineer-iii-israel-at-cohesity-4415367466,good,"The answer correctly identifies the ground-truth job as Cohesity’s Technical Support Engineer III in Herzliya and accurately summarizes its focus on data protection, storage, backup/NetBackup, virtualization, and related troubleshooting tools. It also correctly notes this is the strongest match for a support engineer role with storage/backup systems. The extra SolarEdge item is irrelevant but does not undermine the main recommendation."
technical support role in Tel Aviv area working on cloud and databases,https://il.linkedin.com/jobs/view/technical-support-engineer-iii-israel-at-cohesity-4415367466,good,"The answer correctly identifies the Cohesity Technical Support Engineer III role in Herzliya, Tel Aviv District, which matches the query for a technical support role in the Tel Aviv area working on cloud and databases. It mentions the key responsibilities involving cloud and databases, and the support nature of the position. Although it also includes an extra unrelated second option, the primary recommendation is correct."
enterprise support engineer opening Israel troubleshooting Linux and networking tools,https://il.linkedin.com/jobs/view/technical-support-engineer-iii-israel-at-cohesity-4415367466,good,"The answer correctly identifies the ground-truth job as Cohesity’s Technical Support Engineer III, Israel in Herzliya and highlights relevant troubleshooting skills like tcpdump, strace, wireshark, networking, storage, virtualization, and OS support. However, it adds unrelated extra job openings, including a duplicated/misspelled Cohesity role and another company (Voyager Labs), which are not part of the reference. Since the main recommendation is correct and the core job details match, this is acceptable despite extra noise."
job for data protection / backup support engineer near Herzliya,https://il.linkedin.com/jobs/view/technical-support-engineer-iii-israel-at-cohesity-4415367466,good,"The AI answer correctly identifies the Cohesity Technical Support Engineer III role in Herzliya and accurately describes it as focused on data protection, backup/support, and related troubleshooting. It matches the location and core technical domain from the reference job description. No mismatch in company, title, or key responsibilities."
customer-facing tech support position in Israel with nights or shift work,https://il.linkedin.com/jobs/view/technical-support-engineer-iii-israel-at-cohesity-4415367466,good,"The AI answer correctly identifies the reference job: Technical Support Engineer III at Cohesity in Herzliya, Israel. It accurately notes that it is customer-facing technical support and explicitly mentions shifts including early evenings, nights, weekends, and holidays, which matches the user's request. The extra XM Cyber suggestions do not affect correctness because the main recommendation is right."
entry level data analyst job tel aviv excel powerpoint,https://www.indeed.com/viewjob?jk=466348bfe369d377,good,"The AI answer correctly identifies the reference job as the top match: Junior Research Analyst at StoreNext in Tel Aviv-Yafo, entry-level, with Excel and PowerPoint, and describing data analysis/market research work. It also notes no prior experience required. Although it includes an extra incorrect duplicate location (Raanana) that is not in the ground truth, the main recommendation is correct and matches the query well."
junior research analyst job in tel aviv no experience,https://www.indeed.com/viewjob?jk=466348bfe369d377,good,"The AI answer correctly identifies the ground-truth job: Junior Research Analyst at StoreNext in Tel Aviv-Yafo, entry-level/0+ experience, with no prior experience required, and mentions relevant skills like Excel and presentation skills. It also distinguishes a non-Tel Aviv listing, but that does not affect the correctness of the main recommendation. Overall it matches the reference description well."
market research analyst role israel consumer goods,https://www.indeed.com/viewjob?jk=466348bfe369d377,good,"The AI answer correctly identifies the ground-truth job as Junior Research Analyst at StoreNext in Israel’s consumer goods/FMCG market, with entry-level/no experience, Excel, finance/economics knowledge, and presentation skills. It also accurately describes the market research and data analysis responsibilities. The extra mention of multiple locations does not change the core match, and the answer is aligned with the query."
graduate analytics position tel aviv retail data,https://www.indeed.com/viewjob?jk=466348bfe369d377,good,"The AI answer correctly identifies the reference job as the best match: Junior Research Analyst at StoreNext in Tel Aviv-Yafo, entry-level/no prior experience, focused on retail/FMCG data analysis using POS data. It mentions the key location, graduate/entry-level fit, and retail/data relevance. Extra alternative jobs do not change the correctness of the main recommendation."
data analysis job for economics graduate in tel aviv,https://www.indeed.com/viewjob?jk=466348bfe369d377,good,"The AI answer correctly identifies the ground-truth job: Junior Research Analyst at StoreNext in Tel Aviv-Yafo, entry-level/0+, suitable for an economics graduate, with Excel and finance/economics knowledge, and focuses on data analysis and market research. It also correctly notes no prior experience is required. The extra suggested jobs are irrelevant but do not negate the correct match."
junior data analyst jobs in raanana,https://www.indeed.com/viewjob?jk=241e7d5657b0a7d0,good,"The AI answer correctly matches the reference job: it identifies StoreNext's Junior Research Analyst role in Ra'anana, notes the entry-level/no-experience requirement, and includes relevant skills like Excel and presentation. Although the query says 'junior data analyst jobs' and the title is 'Junior Research Analyst,' the role is clearly an entry-level analytics/data-analysis position and the recommendation is appropriate. It also provides the correct link and location."
entry level market research analyst israel no experience,https://www.indeed.com/viewjob?jk=241e7d5657b0a7d0,good,"The answer correctly identifies the reference job as a strong match: Junior Research Analyst at StoreNext in Raanana, Israel, entry-level with no experience required, and mentions relevant skills like Excel and presentation skills. However, it also invents a second StoreNext role in Tel Aviv-Yafo that is not present in the ground truth, which is an unsupported detail. Still, the core recommendation aligns with the reference job and the main details are correct."
excel powerpoint analyst role near tel aviv area,https://www.indeed.com/viewjob?jk=241e7d5657b0a7d0,good,"The AI answer correctly identifies the ground-truth job as Junior Research Analyst at StoreNext and matches the key requirements: entry-level/0+ experience, near Tel Aviv (Ra'anana/Center District), and strong emphasis on Excel and PowerPoint. It does introduce one potentially inaccurate location detail by listing Tel Aviv-Yafo for the StoreNext role before also correcting to Ra'anana, but this does not change the main recommendation. Overall, it captures the core job correctly."
business analyst trainee FMCG company raanana,https://www.indeed.com/viewjob?jk=241e7d5657b0a7d0,good,"The AI answer correctly identifies StoreNext’s Junior Research Analyst as the strongest match and includes the key details from the ground truth: Ra'anana location, FMCG focus, entry-level/no experience, and relevant skills like Excel and presentation/finance knowledge. It does add extra unrelated jobs, but the core recommendation is correct and aligned with the query."
data research job for recent graduates in israel,https://www.indeed.com/viewjob?jk=241e7d5657b0a7d0,good,"The AI answer correctly identifies the ground-truth job as Junior Research Analyst at StoreNext and describes it as an entry-level role for recent graduates involving data analysis, market research, POS data, and Excel. The only minor issue is that it lists extra locations not present in the reference, but that does not change the core match. The recommendation is correct."
entry level data analyst jobs in Israel economics background Excel,https://www.indeed.com/viewjob?jk=c54a7af776fda9d4,good,"The AI answer correctly identifies the ground-truth job as the best match: Junior Research Analyst at StoreNext, entry-level/no prior experience, with an economics background and Excel emphasis. It mentions the key role, company, and relevant skills, and its slight location mismatch (Raanana/Tel Aviv instead of Judean Foothills) does not undermine the core match. Extra alternative jobs are fine since the main recommendation is correct."
junior market research analyst FMCG Israel no experience,https://www.indeed.com/viewjob?jk=c54a7af776fda9d4,good,"The AI answer correctly identifies the ground-truth job as StoreNext Junior Research Analyst and captures the key match criteria: junior/entry-level, no experience required, Israel FMCG/market research, and relevant skills like Excel and presentation. It also includes the main responsibilities in a consistent way. The only minor issue is that it lists multiple locations broader than the reference (which specifies Judean Foothills, Center District, Israel), but this does not change the core correctness of the recommendation."
research analyst job center district Israel PowerPoint Excel,https://www.indeed.com/viewjob?jk=c54a7af776fda9d4,bad,"The answer does identify a Junior Research Analyst role at StoreNext and mentions the relevant skills and entry-level nature, which aligns with the ground truth. However, it gives the wrong city for the primary match: the reference job is in Judean Foothills, Center District, Israel, not Ra'anana. It also includes a second StoreNext listing in a different district, which is extra but not fatal. Since the core job/company/skills match is present, this is mostly correct despite the location inaccuracy."
business analyst for consumer goods company in Israel fresh graduate,https://www.indeed.com/viewjob?jk=c54a7af776fda9d4,good,"The AI answer correctly identifies the ground-truth job as the best match: Junior Research Analyst at StoreNext in Israel, entry-level/no experience required, aligned with consumer goods/FMCG, data analysis, market research, and presenting insights. It also notes the fresh-graduate fit and the business-analyst-type nature of the role. Extra content about another job is irrelevant but does not undermine the correct recommendation."
analyst role near Jerusalem area with Excel and presentation skills,https://www.indeed.com/viewjob?jk=c54a7af776fda9d4,good,"The AI answer identifies the correct ground-truth job: Junior Research Analyst at StoreNext, with the right entry-level nature, Excel and presentation skills, and a nearby Center District location. It does include some incorrect location details for the first listing (Tel Aviv-Yafo instead of Judean Foothills), but it still clearly recommends the matching job and emphasizes the relevant skills and experience level. Overall, the core match is correct."
junior data analyst jobs petah tikva excel,https://il.linkedin.com/jobs/view/junior-research-analyst-at-storenext-4405122252,good,"The reference job is a Junior Research Analyst at StoreNext in Petah Tikva with 0+ experience and strong Excel requirements. The AI answer does mention this exact role and its junior/Excel focus, but it incorrectly states the city as Raanana / Tel Aviv-Yafo instead of Petah Tikva. However, the answer still includes the correct job title, company, experience level, and skills, and even notes it is the closest junior Excel-focused analyst role. Since the core recommendation is still the right job despite the location error, this is mostly correct but slightly flawed. For evaluation purposes, it should still be considered correct because it identifies the target job."
entry level market research analyst israel no experience,https://il.linkedin.com/jobs/view/junior-research-analyst-at-storenext-4405122252,good,"The answer correctly identifies the reference job as the best match: Junior Research Analyst at StoreNext, entry-level, no prior experience required, with Excel and analytical/market research work in Israel. It does introduce some location inconsistencies (Raanana/Tel Aviv instead of Petah Tikva) and mentions extra unrelated jobs, but the core recommendation is correct and aligned with the ground truth."
economics graduate analyst role in petah tikva,https://il.linkedin.com/jobs/view/junior-research-analyst-at-storenext-4405122252,bad,"The AI answer does not identify the reference job. The ground truth is a Junior Research Analyst at StoreNext in Petah Tikva, entry-level/no experience required, with Excel and finance/economics knowledge. The AI instead recommends unrelated roles at Samsung India and UWORK, including a different company, different role titles, and one even with 3+ years experience. This is a mismatch and fails to describe the correct job."
consumer goods data analysis jobs center district,https://il.linkedin.com/jobs/view/junior-research-analyst-at-storenext-4405122252,good,"The AI answer correctly identifies the reference job: Junior Research Analyst at StoreNext in Petah Tikva, Center District, with FMCG/consumer goods data analysis focus and entry-level 0+ experience. It includes the key role, company, location, and relevant skills/context. The extra mention of a Raanana location appears unsupported by the ground truth, but it does not negate the correct recommendation of the reference job."
excel powerpoint research analyst full time israel,https://il.linkedin.com/jobs/view/junior-research-analyst-at-storenext-4405122252,good,"The answer correctly identifies the ground-truth job as the best match: Junior Research Analyst at StoreNext, an entry-level research/market analysis role in Israel requiring strong Excel and PowerPoint skills. It does introduce some location detail that does not exactly match the reference (Tel Aviv-Yafo, Raanana, Judean Foothills instead of Petah Tikva), but it still recommends the correct job and captures the key points. Extra alternative jobs do not override the correct primary match."
