question,answer_llm,answer_orig,document
support engineer jobs in Herzliya Israel with storage or backup systems,"Here are the most relevant jobs in Herzliya, Israel that match **support engineer roles with storage or backup systems**:

1. **Technical Support Engineer III, Israel — Cohesity**  
   - **Location:** Herzliya, Tel Aviv District, Israel  
   - **Why it matches:** This is a direct support engineer role focused on **data protection**, **NetBackup Appliances**, cloud, databases, and storage-related environments. It explicitly mentions experience with **storage**, **virtualization**, **data protection**, and tools like **NFS, SMB, tcpdump, strace, wireshark**.  
   - **Best fit for:** Someone looking for a technical support role in **storage/backup systems**.

2. **Sales Data Analyst — SolarEdge Technologies**  
   - **Location:** Herzliya, Tel Aviv District, Israel  
   - **Why it is partially relevant:** This job is in Herzliya and mentions **battery storage** and **backup systems**, but it is a **data analyst** role, not a support engineer role.  
   - **Best fit for:** Someone interested in storage/backup systems, but not specifically support engineering.

The strongest match is **Cohesity**.  
If you want, I can also look for **only support engineer roles** or **only jobs in Herzliya with storage/backup keywords** from the available data.","Title: Technical Support Engineer III, Israel
Company: Cohesity
City: Herzliya, Tel Aviv District, Israel
Platform: LinkedIn
Experience level: None
Skills: 
Job description: Cohesity is the leader in AI-powered data security. Over 13,600 enterprise customers, including over 85 of the Fortune 100 and nearly 70% of the Global 500, rely on Cohesity to strengthen their resilience while providing Gen AI insights into their vast amounts of data. Formed from the combination of Cohesity with Veritas’ enterprise data protection business, the company’s solutions secure and protect data on-premises, in the cloud, and at the edge. Backed by NVIDIA, IBM, HPE, Cisco, AWS, Google Cloud, and others, Cohesity is headquartered in Santa Clara, CA, with offices around the globe.We’ve been named a Leader by multiple analyst firms and have been globally recognized for Innovation, Product Strength, and Simplicity in Design , and our culture.Want to join the leader in AI-powered data security?Join Cohesity as a Technical Support Engineer and become part of a team that is reshaping data management.This role will focus on supporting and resolving data protection issues in traditional platforms, DataProtect, NetBackup Appliances, Cloud, databases and more as you collaborate closely with highly skilled engineers from our team, striving to deliver flawless support and powerful solutions to our global customers.We are looking for a passionate Technical Support Engineer who possesses deep technical expertise, excellent troubleshooting experience, outstanding customer service and communications skills.HOW YOU'LL SPEND YOUR TIME HERE:Work with Cohesity customers to provide a timely resolution to technical issues.Use available tools to investigate and troubleshoot technical issuesRecord customer interactions, including investigation, troubleshooting, and the resolution of issuesWork closely with Cohesity engineering and account management teamsDemonstrate considerable judgment in selecting methods and techniques for obtaining solutionsProvide the best experience possible for Cohesity customersManage workload to ensure that all customer issues are resolved in a timely mannerAssist in the development of comprehensive and reusable self-service solutions for future incidentsDevelop knowledge base articles.Determine and communicate recommendations on Support readiness for new products and featuresProvide feedback to improve product quality/functionalityShifts may include standard business hours and/or early evenings, nights, to cover weekdays, weekends and holidays.WE'D LOVE TO TALK TO YOU IF YOU HAVE SOME OF THE FOLLOWING:Solid experience as an Enterprise Technical Support EngineerExperience working in a storage, networking and virtualization environmentStrong understanding of Operating SystemsAbility to analyse system diagnostics and clearly articulate the issue for the customerGood understanding of debugging utilities, with an emphasis on tcpdump, strace, wiresharkExperience with remote file access protocols, including NFS, SMB (CIFS)Solid experience with storage-related concepts, including virtualization and data protection (e.g. VMware, Commvault, Symantec, DellEMC, NetApp)Performance analysis experienceBachelor's Degree in Computer Science, Computer Networking or related with experience OR MS degree in Computer Science, Computer Networking or relatedDemonstrated ability to leverage AI tools to enhance productivity, streamline workflows, and support decision makingData Privacy Notice for Job Candidates:For information on personal data processing, please see our Privacy Policy.Equal Employment Opportunity Employer (EEOE)Cohesity is an Equal Employment Opportunity Employer. All qualified applicants will receive consideration for employment without regard to race, color, creed, religion, sex, sexual orientation, national origin or nationality, ancestry, age, disability, gender identity or expression, marital status, veteran status or any other category protected by law.If you are an individual with a disability and require a reasonable accommodation to complete any part of the application process, or are limited in the ability or unable to access or use this online application process and need an alternative method for applying, you may contact us at 1-855-9COHESITY or recruiting@cohesity.com for assistance.In-Office ExpectationsCohesity employees who are within a reasonable commute (e.g. within a forty-five (45) minute average travel time) work out of our core offices 2-3 days a week of their choosing.Interested candidates based outside of the designated areas are welcome to apply, provided they have the right to work in the job location.
Link: https://il.linkedin.com/jobs/view/technical-support-engineer-iii-israel-at-cohesity-4415367466",https://il.linkedin.com/jobs/view/technical-support-engineer-iii-israel-at-cohesity-4415367466
technical support role in Tel Aviv area working on cloud and databases,"The closest match in the Tel Aviv area for a role involving cloud and databases is:

**Technical Support Engineer III, Israel — Cohesity**  
- **Location:** Herzliya, Tel Aviv District, Israel  
- **Why it fits:** This role explicitly supports issues in **cloud** and **databases**, along with data protection systems. It also mentions troubleshooting in storage, networking, virtualization, and working with tools like **tcpdump, strace, and wireshark**.  
- **Best if you want:** A **technical support** position rather than a data analyst role.

A second relevant option, if you want something more data/analytics-oriented with cloud/database work, is:

**DATA ANALYST – E-COMMERCE | TEL AVIV — NEOVITY**  
- **Location:** Tel Aviv-Yafo  
- **Why it fits:** It uses **Google Cloud Platform**, **BigQuery**, **SQL**, **Python**, and **Airflow**, so it’s strong on cloud and databases/data infrastructure.  
- **Best if you want:** Data analysis work with a cloud-heavy stack.

If you want, I can also narrow this to **only support roles** or **only Tel Aviv city proper**.","Title: Technical Support Engineer III, Israel
Company: Cohesity
City: Herzliya, Tel Aviv District, Israel
Platform: LinkedIn
Experience level: None
Skills: 
Job description: Cohesity is the leader in AI-powered data security. Over 13,600 enterprise customers, including over 85 of the Fortune 100 and nearly 70% of the Global 500, rely on Cohesity to strengthen their resilience while providing Gen AI insights into their vast amounts of data. Formed from the combination of Cohesity with Veritas’ enterprise data protection business, the company’s solutions secure and protect data on-premises, in the cloud, and at the edge. Backed by NVIDIA, IBM, HPE, Cisco, AWS, Google Cloud, and others, Cohesity is headquartered in Santa Clara, CA, with offices around the globe.We’ve been named a Leader by multiple analyst firms and have been globally recognized for Innovation, Product Strength, and Simplicity in Design , and our culture.Want to join the leader in AI-powered data security?Join Cohesity as a Technical Support Engineer and become part of a team that is reshaping data management.This role will focus on supporting and resolving data protection issues in traditional platforms, DataProtect, NetBackup Appliances, Cloud, databases and more as you collaborate closely with highly skilled engineers from our team, striving to deliver flawless support and powerful solutions to our global customers.We are looking for a passionate Technical Support Engineer who possesses deep technical expertise, excellent troubleshooting experience, outstanding customer service and communications skills.HOW YOU'LL SPEND YOUR TIME HERE:Work with Cohesity customers to provide a timely resolution to technical issues.Use available tools to investigate and troubleshoot technical issuesRecord customer interactions, including investigation, troubleshooting, and the resolution of issuesWork closely with Cohesity engineering and account management teamsDemonstrate considerable judgment in selecting methods and techniques for obtaining solutionsProvide the best experience possible for Cohesity customersManage workload to ensure that all customer issues are resolved in a timely mannerAssist in the development of comprehensive and reusable self-service solutions for future incidentsDevelop knowledge base articles.Determine and communicate recommendations on Support readiness for new products and featuresProvide feedback to improve product quality/functionalityShifts may include standard business hours and/or early evenings, nights, to cover weekdays, weekends and holidays.WE'D LOVE TO TALK TO YOU IF YOU HAVE SOME OF THE FOLLOWING:Solid experience as an Enterprise Technical Support EngineerExperience working in a storage, networking and virtualization environmentStrong understanding of Operating SystemsAbility to analyse system diagnostics and clearly articulate the issue for the customerGood understanding of debugging utilities, with an emphasis on tcpdump, strace, wiresharkExperience with remote file access protocols, including NFS, SMB (CIFS)Solid experience with storage-related concepts, including virtualization and data protection (e.g. VMware, Commvault, Symantec, DellEMC, NetApp)Performance analysis experienceBachelor's Degree in Computer Science, Computer Networking or related with experience OR MS degree in Computer Science, Computer Networking or relatedDemonstrated ability to leverage AI tools to enhance productivity, streamline workflows, and support decision makingData Privacy Notice for Job Candidates:For information on personal data processing, please see our Privacy Policy.Equal Employment Opportunity Employer (EEOE)Cohesity is an Equal Employment Opportunity Employer. All qualified applicants will receive consideration for employment without regard to race, color, creed, religion, sex, sexual orientation, national origin or nationality, ancestry, age, disability, gender identity or expression, marital status, veteran status or any other category protected by law.If you are an individual with a disability and require a reasonable accommodation to complete any part of the application process, or are limited in the ability or unable to access or use this online application process and need an alternative method for applying, you may contact us at 1-855-9COHESITY or recruiting@cohesity.com for assistance.In-Office ExpectationsCohesity employees who are within a reasonable commute (e.g. within a forty-five (45) minute average travel time) work out of our core offices 2-3 days a week of their choosing.Interested candidates based outside of the designated areas are welcome to apply, provided they have the right to work in the job location.
Link: https://il.linkedin.com/jobs/view/technical-support-engineer-iii-israel-at-cohesity-4415367466",https://il.linkedin.com/jobs/view/technical-support-engineer-iii-israel-at-cohesity-4415367466
enterprise support engineer opening Israel troubleshooting Linux and networking tools,"Here are the most relevant openings for an **enterprise support engineer** role in Israel with **Linux and networking troubleshooting**:

### 1) Technical Support Engineer III, Israel — Cohesity
**Location:** Herzliya, Tel Aviv District, Israel  
**Why it matches:**
- Strong fit for **enterprise technical support**
- Explicit troubleshooting tools: **tcpdump, strace, wireshark**
- Experience with **storage, networking, virtualization**
- Supports **NFS/SMB**, operating systems, diagnostics, and performance analysis
- Very aligned with **Linux/networking support** style work

### 2) Technical Support Engineer — Voyager Labs
**Location:** Petah Tikva, Center District, Israel  
**Why it matches:**
- Technical support role handling **complex technical issues**
- Requires **strong Linux and CLI knowledge**
- Includes **networking / HTTP**
- Also mentions **Kubernetes, AWS/Azure, SQL, Kibana/log analysis**
- Good match if you want a broader support engineering role with troubleshooting tools

### 3) Technical Support Engineer, Isreal — Cohesity
**Location:** Herzliya, Tel Aviv District, Israel  
**Why it matches:**
- Very similar to the first Cohesity role
- Explicitly asks for **storage, networking, virtualization**
- Includes **tcpdump, strace, wireshark**
- Good enterprise support fit, especially if you want customer-facing technical troubleshooting

If you want, I can also **rank these by best fit for Linux/networking-heavy support**.","Title: Technical Support Engineer III, Israel
Company: Cohesity
City: Herzliya, Tel Aviv District, Israel
Platform: LinkedIn
Experience level: None
Skills: 
Job description: Cohesity is the leader in AI-powered data security. Over 13,600 enterprise customers, including over 85 of the Fortune 100 and nearly 70% of the Global 500, rely on Cohesity to strengthen their resilience while providing Gen AI insights into their vast amounts of data. Formed from the combination of Cohesity with Veritas’ enterprise data protection business, the company’s solutions secure and protect data on-premises, in the cloud, and at the edge. Backed by NVIDIA, IBM, HPE, Cisco, AWS, Google Cloud, and others, Cohesity is headquartered in Santa Clara, CA, with offices around the globe.We’ve been named a Leader by multiple analyst firms and have been globally recognized for Innovation, Product Strength, and Simplicity in Design , and our culture.Want to join the leader in AI-powered data security?Join Cohesity as a Technical Support Engineer and become part of a team that is reshaping data management.This role will focus on supporting and resolving data protection issues in traditional platforms, DataProtect, NetBackup Appliances, Cloud, databases and more as you collaborate closely with highly skilled engineers from our team, striving to deliver flawless support and powerful solutions to our global customers.We are looking for a passionate Technical Support Engineer who possesses deep technical expertise, excellent troubleshooting experience, outstanding customer service and communications skills.HOW YOU'LL SPEND YOUR TIME HERE:Work with Cohesity customers to provide a timely resolution to technical issues.Use available tools to investigate and troubleshoot technical issuesRecord customer interactions, including investigation, troubleshooting, and the resolution of issuesWork closely with Cohesity engineering and account management teamsDemonstrate considerable judgment in selecting methods and techniques for obtaining solutionsProvide the best experience possible for Cohesity customersManage workload to ensure that all customer issues are resolved in a timely mannerAssist in the development of comprehensive and reusable self-service solutions for future incidentsDevelop knowledge base articles.Determine and communicate recommendations on Support readiness for new products and featuresProvide feedback to improve product quality/functionalityShifts may include standard business hours and/or early evenings, nights, to cover weekdays, weekends and holidays.WE'D LOVE TO TALK TO YOU IF YOU HAVE SOME OF THE FOLLOWING:Solid experience as an Enterprise Technical Support EngineerExperience working in a storage, networking and virtualization environmentStrong understanding of Operating SystemsAbility to analyse system diagnostics and clearly articulate the issue for the customerGood understanding of debugging utilities, with an emphasis on tcpdump, strace, wiresharkExperience with remote file access protocols, including NFS, SMB (CIFS)Solid experience with storage-related concepts, including virtualization and data protection (e.g. VMware, Commvault, Symantec, DellEMC, NetApp)Performance analysis experienceBachelor's Degree in Computer Science, Computer Networking or related with experience OR MS degree in Computer Science, Computer Networking or relatedDemonstrated ability to leverage AI tools to enhance productivity, streamline workflows, and support decision makingData Privacy Notice for Job Candidates:For information on personal data processing, please see our Privacy Policy.Equal Employment Opportunity Employer (EEOE)Cohesity is an Equal Employment Opportunity Employer. All qualified applicants will receive consideration for employment without regard to race, color, creed, religion, sex, sexual orientation, national origin or nationality, ancestry, age, disability, gender identity or expression, marital status, veteran status or any other category protected by law.If you are an individual with a disability and require a reasonable accommodation to complete any part of the application process, or are limited in the ability or unable to access or use this online application process and need an alternative method for applying, you may contact us at 1-855-9COHESITY or recruiting@cohesity.com for assistance.In-Office ExpectationsCohesity employees who are within a reasonable commute (e.g. within a forty-five (45) minute average travel time) work out of our core offices 2-3 days a week of their choosing.Interested candidates based outside of the designated areas are welcome to apply, provided they have the right to work in the job location.
Link: https://il.linkedin.com/jobs/view/technical-support-engineer-iii-israel-at-cohesity-4415367466",https://il.linkedin.com/jobs/view/technical-support-engineer-iii-israel-at-cohesity-4415367466
job for data protection / backup support engineer near Herzliya,"Here are the most relevant jobs near Herzliya for a data protection / backup support engineer:

1. Technical Support Engineer III, Israel — Cohesity  
   - City: Herzliya, Tel Aviv District, Israel  
   - Why it matches: This is the strongest match. The role explicitly focuses on supporting and resolving data protection issues, including DataProtect, NetBackup Appliances, cloud, databases, and storage-related troubleshooting. It also mentions virtualization, NFS/SMB, tcpdump, strace, and Wireshark, which fit backup/support engineering work.  
   - Link: https://il.linkedin.com/jobs/view/technical-support-engineer-iii-israel-at-cohesity-4415367466

I don’t know based on the available job data about any other data protection / backup support engineer roles near Herzliya.","Title: Technical Support Engineer III, Israel
Company: Cohesity
City: Herzliya, Tel Aviv District, Israel
Platform: LinkedIn
Experience level: None
Skills: 
Job description: Cohesity is the leader in AI-powered data security. Over 13,600 enterprise customers, including over 85 of the Fortune 100 and nearly 70% of the Global 500, rely on Cohesity to strengthen their resilience while providing Gen AI insights into their vast amounts of data. Formed from the combination of Cohesity with Veritas’ enterprise data protection business, the company’s solutions secure and protect data on-premises, in the cloud, and at the edge. Backed by NVIDIA, IBM, HPE, Cisco, AWS, Google Cloud, and others, Cohesity is headquartered in Santa Clara, CA, with offices around the globe.We’ve been named a Leader by multiple analyst firms and have been globally recognized for Innovation, Product Strength, and Simplicity in Design , and our culture.Want to join the leader in AI-powered data security?Join Cohesity as a Technical Support Engineer and become part of a team that is reshaping data management.This role will focus on supporting and resolving data protection issues in traditional platforms, DataProtect, NetBackup Appliances, Cloud, databases and more as you collaborate closely with highly skilled engineers from our team, striving to deliver flawless support and powerful solutions to our global customers.We are looking for a passionate Technical Support Engineer who possesses deep technical expertise, excellent troubleshooting experience, outstanding customer service and communications skills.HOW YOU'LL SPEND YOUR TIME HERE:Work with Cohesity customers to provide a timely resolution to technical issues.Use available tools to investigate and troubleshoot technical issuesRecord customer interactions, including investigation, troubleshooting, and the resolution of issuesWork closely with Cohesity engineering and account management teamsDemonstrate considerable judgment in selecting methods and techniques for obtaining solutionsProvide the best experience possible for Cohesity customersManage workload to ensure that all customer issues are resolved in a timely mannerAssist in the development of comprehensive and reusable self-service solutions for future incidentsDevelop knowledge base articles.Determine and communicate recommendations on Support readiness for new products and featuresProvide feedback to improve product quality/functionalityShifts may include standard business hours and/or early evenings, nights, to cover weekdays, weekends and holidays.WE'D LOVE TO TALK TO YOU IF YOU HAVE SOME OF THE FOLLOWING:Solid experience as an Enterprise Technical Support EngineerExperience working in a storage, networking and virtualization environmentStrong understanding of Operating SystemsAbility to analyse system diagnostics and clearly articulate the issue for the customerGood understanding of debugging utilities, with an emphasis on tcpdump, strace, wiresharkExperience with remote file access protocols, including NFS, SMB (CIFS)Solid experience with storage-related concepts, including virtualization and data protection (e.g. VMware, Commvault, Symantec, DellEMC, NetApp)Performance analysis experienceBachelor's Degree in Computer Science, Computer Networking or related with experience OR MS degree in Computer Science, Computer Networking or relatedDemonstrated ability to leverage AI tools to enhance productivity, streamline workflows, and support decision makingData Privacy Notice for Job Candidates:For information on personal data processing, please see our Privacy Policy.Equal Employment Opportunity Employer (EEOE)Cohesity is an Equal Employment Opportunity Employer. All qualified applicants will receive consideration for employment without regard to race, color, creed, religion, sex, sexual orientation, national origin or nationality, ancestry, age, disability, gender identity or expression, marital status, veteran status or any other category protected by law.If you are an individual with a disability and require a reasonable accommodation to complete any part of the application process, or are limited in the ability or unable to access or use this online application process and need an alternative method for applying, you may contact us at 1-855-9COHESITY or recruiting@cohesity.com for assistance.In-Office ExpectationsCohesity employees who are within a reasonable commute (e.g. within a forty-five (45) minute average travel time) work out of our core offices 2-3 days a week of their choosing.Interested candidates based outside of the designated areas are welcome to apply, provided they have the right to work in the job location.
Link: https://il.linkedin.com/jobs/view/technical-support-engineer-iii-israel-at-cohesity-4415367466",https://il.linkedin.com/jobs/view/technical-support-engineer-iii-israel-at-cohesity-4415367466
customer-facing tech support position in Israel with nights or shift work,"Here are the closest matches I found for a customer-facing tech support role in Israel with night/shift work:

1. **Technical Support Engineer III, Israel — Cohesity**
   - **Location:** Herzliya
   - **Why it fits:** This is a **customer-facing technical support** role focused on troubleshooting and resolving technical issues. It explicitly says **shifts may include standard business hours and/or early evenings, nights, weekends, and holidays**.
   - **Best match for your request:** Yes — this is the strongest match for **tech support + nights/shift work**.

2. **Exposure Analyst (Customer-Facing) — XM Cyber**
   - **Location:** Tel Aviv-Yafo
   - **Why it fits:** This is a customer-facing technical/security role with strong support and advisory responsibilities. It involves working directly with customers and technical teams.
   - **Shift work:** The posting does **not** mention nights or shifts, so it’s a weaker match for that part of your request.

3. **Customer-Facing Exposure Analyst — XM Cyber**
   - **Location:** Tel Aviv-Yafo
   - **Why it fits:** Similar to the above, this is a customer-facing technical role, but it is more security consulting than support.
   - **Shift work:** No night/shift requirement mentioned.

If you want the **best exact fit**, I’d recommend **Cohesity – Technical Support Engineer III**.","Title: Technical Support Engineer III, Israel
Company: Cohesity
City: Herzliya, Tel Aviv District, Israel
Platform: LinkedIn
Experience level: None
Skills: 
Job description: Cohesity is the leader in AI-powered data security. Over 13,600 enterprise customers, including over 85 of the Fortune 100 and nearly 70% of the Global 500, rely on Cohesity to strengthen their resilience while providing Gen AI insights into their vast amounts of data. Formed from the combination of Cohesity with Veritas’ enterprise data protection business, the company’s solutions secure and protect data on-premises, in the cloud, and at the edge. Backed by NVIDIA, IBM, HPE, Cisco, AWS, Google Cloud, and others, Cohesity is headquartered in Santa Clara, CA, with offices around the globe.We’ve been named a Leader by multiple analyst firms and have been globally recognized for Innovation, Product Strength, and Simplicity in Design , and our culture.Want to join the leader in AI-powered data security?Join Cohesity as a Technical Support Engineer and become part of a team that is reshaping data management.This role will focus on supporting and resolving data protection issues in traditional platforms, DataProtect, NetBackup Appliances, Cloud, databases and more as you collaborate closely with highly skilled engineers from our team, striving to deliver flawless support and powerful solutions to our global customers.We are looking for a passionate Technical Support Engineer who possesses deep technical expertise, excellent troubleshooting experience, outstanding customer service and communications skills.HOW YOU'LL SPEND YOUR TIME HERE:Work with Cohesity customers to provide a timely resolution to technical issues.Use available tools to investigate and troubleshoot technical issuesRecord customer interactions, including investigation, troubleshooting, and the resolution of issuesWork closely with Cohesity engineering and account management teamsDemonstrate considerable judgment in selecting methods and techniques for obtaining solutionsProvide the best experience possible for Cohesity customersManage workload to ensure that all customer issues are resolved in a timely mannerAssist in the development of comprehensive and reusable self-service solutions for future incidentsDevelop knowledge base articles.Determine and communicate recommendations on Support readiness for new products and featuresProvide feedback to improve product quality/functionalityShifts may include standard business hours and/or early evenings, nights, to cover weekdays, weekends and holidays.WE'D LOVE TO TALK TO YOU IF YOU HAVE SOME OF THE FOLLOWING:Solid experience as an Enterprise Technical Support EngineerExperience working in a storage, networking and virtualization environmentStrong understanding of Operating SystemsAbility to analyse system diagnostics and clearly articulate the issue for the customerGood understanding of debugging utilities, with an emphasis on tcpdump, strace, wiresharkExperience with remote file access protocols, including NFS, SMB (CIFS)Solid experience with storage-related concepts, including virtualization and data protection (e.g. VMware, Commvault, Symantec, DellEMC, NetApp)Performance analysis experienceBachelor's Degree in Computer Science, Computer Networking or related with experience OR MS degree in Computer Science, Computer Networking or relatedDemonstrated ability to leverage AI tools to enhance productivity, streamline workflows, and support decision makingData Privacy Notice for Job Candidates:For information on personal data processing, please see our Privacy Policy.Equal Employment Opportunity Employer (EEOE)Cohesity is an Equal Employment Opportunity Employer. All qualified applicants will receive consideration for employment without regard to race, color, creed, religion, sex, sexual orientation, national origin or nationality, ancestry, age, disability, gender identity or expression, marital status, veteran status or any other category protected by law.If you are an individual with a disability and require a reasonable accommodation to complete any part of the application process, or are limited in the ability or unable to access or use this online application process and need an alternative method for applying, you may contact us at 1-855-9COHESITY or recruiting@cohesity.com for assistance.In-Office ExpectationsCohesity employees who are within a reasonable commute (e.g. within a forty-five (45) minute average travel time) work out of our core offices 2-3 days a week of their choosing.Interested candidates based outside of the designated areas are welcome to apply, provided they have the right to work in the job location.
Link: https://il.linkedin.com/jobs/view/technical-support-engineer-iii-israel-at-cohesity-4415367466",https://il.linkedin.com/jobs/view/technical-support-engineer-iii-israel-at-cohesity-4415367466
entry level data analyst job tel aviv excel powerpoint,"Here are the best matches for **entry-level data analyst jobs in Tel Aviv** with **Excel / PowerPoint** relevance:

### 1) Junior Research Analyst — StoreNext
- **City:** Tel Aviv-Yafo
- **Experience:** 0+ / no prior experience required
- **Why it matches:** This is the closest fit for an entry-level data analyst role. It explicitly asks for **strong Excel and PowerPoint**, and the work is about **analyzing POS data, generating insights, and presenting conclusions**.
- **Good if you want:** A real **data analysis / market research** entry point.

### 2) Junior Research Analyst — StoreNext
- **City:** Raanana
- **Experience:** 0+ / no prior experience required
- **Why it matches:** Same kind of role as above, but in **Raanana** instead of Tel Aviv. It also requires **Excel and PowerPoint** and is clearly entry-level.
- **Good if you’re open to:** A nearby center-district location.

### 3) Junior Solutions Analyst (Excel Automation) — Materialspace
- **City:** Tel Aviv-Yafo
- **Experience:** 0+
- **Why it partially matches:** It’s entry-level and very Excel-heavy, but it is **not a general analyst position**. It focuses more on **Excel automation, VBA/macros, and customer support** than on typical data analysis.
- **Good if you want:** An **Excel-focused analytical/operations role** and are okay with a less traditional data analyst path.

### Not a match for your request
- **Sr. Product Analyst — Guardz**: requires **3+ years**, SQL, Python, dbt, and product analytics experience.
- **SOC Analyst — Unilink**: cybersecurity role, not data analyst.

If you want, I can also narrow this down to:
- **strictly data analyst roles**
- **only Tel Aviv jobs**
- **jobs requiring Excel + PowerPoint specifically**","Title: Junior Research Analyst
Company: StoreNext
City: Tel Aviv-Yafo, Tel Aviv District, Israel
Platform: Indeed
Experience level: 0+
Skills: Excel, Finance / Economics Knowledge, Presentation Skills
Job description: (Entry-Level | No Prior Experience Required) StoreNext is a leading technology company specializing in research and market data analysis within Israel’s Fast-Moving Consumer Goods (FMCG) industry. We provide data-driven insights to brand, marketing, and commercial leaders, directly influencing strategic decisions in one of the most dynamic and competitive markets We are looking for a motivated and analytical Junior Analyst to join our research team This is an excellent entry-level opportunity for recent graduates who are eager to begin a career in data analysis, market research, and business consulting — working with real market data from thousands of retail stores across Israel : Responsibilities Process and analyze large-scale point-of-sale (POS) data from thousands of retail locations Generate insights and identify key trends in the Israeli consumer goods market Conduct market reviews based on real sales data and consumer behavior analysis Provide actionable marketing and commercial recommendations to support optimal brand management Work closely with company clients to define, execute, and present marketing and analytical studies Present insights and conclusions to decision-makers at leading FMCG companies Bachelor’s degree in Economics, Business Administration, Marketing, or a related field High analytical ability, logical thinking, and creativity Strong capability to derive practical conclusions from quantitative data High level of independence, diligence, and task management skills in a dynamic environment Full proficiency in Microsoft Office, with a strong emphasis on Excel and PowerPoint No prior professional experience required
Link: https://www.indeed.com/viewjob?jk=466348bfe369d377",https://www.indeed.com/viewjob?jk=466348bfe369d377
junior research analyst job in tel aviv no experience,"Here are the best matches for **junior research analyst jobs in Tel Aviv with no experience**:

1. **Junior Research Analyst — StoreNext**
   - **Location:** Tel Aviv-Yafo
   - **Experience:** **0+**
   - **Why it matches:** It’s explicitly **entry-level**, says **no prior professional experience required**, and fits a research / market analysis background.
   - **Skills:** Excel, finance/economics knowledge, presentation skills
   - **Link:** https://www.indeed.com/viewjob?jk=466348bfe369d377

2. **Junior Research Analyst — StoreNext**
   - **Location:** Raanana
   - **Experience:** **0+**
   - **Why it matches:** Also **entry-level** and **no prior experience required**, but it’s in **Raanana**, not Tel Aviv.
   - **Skills:** Excel, finance/economics knowledge, presentation skills
   - **Link:** https://www.indeed.com/viewjob?jk=241e7d5657b0a7d0

The **only Tel Aviv no-experience research analyst match** in the available data is the **StoreNext Junior Research Analyst in Tel Aviv-Yafo**.","Title: Junior Research Analyst
Company: StoreNext
City: Tel Aviv-Yafo, Tel Aviv District, Israel
Platform: Indeed
Experience level: 0+
Skills: Excel, Finance / Economics Knowledge, Presentation Skills
Job description: (Entry-Level | No Prior Experience Required) StoreNext is a leading technology company specializing in research and market data analysis within Israel’s Fast-Moving Consumer Goods (FMCG) industry. We provide data-driven insights to brand, marketing, and commercial leaders, directly influencing strategic decisions in one of the most dynamic and competitive markets We are looking for a motivated and analytical Junior Analyst to join our research team This is an excellent entry-level opportunity for recent graduates who are eager to begin a career in data analysis, market research, and business consulting — working with real market data from thousands of retail stores across Israel : Responsibilities Process and analyze large-scale point-of-sale (POS) data from thousands of retail locations Generate insights and identify key trends in the Israeli consumer goods market Conduct market reviews based on real sales data and consumer behavior analysis Provide actionable marketing and commercial recommendations to support optimal brand management Work closely with company clients to define, execute, and present marketing and analytical studies Present insights and conclusions to decision-makers at leading FMCG companies Bachelor’s degree in Economics, Business Administration, Marketing, or a related field High analytical ability, logical thinking, and creativity Strong capability to derive practical conclusions from quantitative data High level of independence, diligence, and task management skills in a dynamic environment Full proficiency in Microsoft Office, with a strong emphasis on Excel and PowerPoint No prior professional experience required
Link: https://www.indeed.com/viewjob?jk=466348bfe369d377",https://www.indeed.com/viewjob?jk=466348bfe369d377
market research analyst role israel consumer goods,"Here are the most relevant matches for a **market research analyst role in Israel’s consumer goods sector**:

### Best matches
1. **Junior Research Analyst — StoreNext**
   - **Locations:** Tel Aviv-Yafo, Raanana, Judean Foothills, Petah Tikva
   - **Why it fits:** This role is directly in **market research and data analysis** for Israel’s **FMCG / consumer goods** industry. It involves analyzing POS data, identifying market trends, and presenting insights to brand and marketing leaders.
   - **Experience:** Entry-level, **0+**, no prior experience required
   - **Skills:** Excel, finance/economics knowledge, presentation skills

### Most relevant specific postings
- **StoreNext – Tel Aviv-Yafo**
- **StoreNext – Raanana**
- **StoreNext – Judean Foothills**
- **StoreNext – Petah Tikva**

All four are essentially the same role and are a very strong fit if you want:
- **Market research**
- **Consumer goods / FMCG**
- **Israel-based role**
- **Entry-level research analyst position**

### Less relevant
- **Technical Support Engineer III, Israel — Cohesity**
  - This is a technical support role, not a market research or consumer goods analyst job.

If you want, I can also help narrow these down by **city, experience level, or whether you prefer LinkedIn vs Indeed listings**.","Title: Junior Research Analyst
Company: StoreNext
City: Tel Aviv-Yafo, Tel Aviv District, Israel
Platform: Indeed
Experience level: 0+
Skills: Excel, Finance / Economics Knowledge, Presentation Skills
Job description: (Entry-Level | No Prior Experience Required) StoreNext is a leading technology company specializing in research and market data analysis within Israel’s Fast-Moving Consumer Goods (FMCG) industry. We provide data-driven insights to brand, marketing, and commercial leaders, directly influencing strategic decisions in one of the most dynamic and competitive markets We are looking for a motivated and analytical Junior Analyst to join our research team This is an excellent entry-level opportunity for recent graduates who are eager to begin a career in data analysis, market research, and business consulting — working with real market data from thousands of retail stores across Israel : Responsibilities Process and analyze large-scale point-of-sale (POS) data from thousands of retail locations Generate insights and identify key trends in the Israeli consumer goods market Conduct market reviews based on real sales data and consumer behavior analysis Provide actionable marketing and commercial recommendations to support optimal brand management Work closely with company clients to define, execute, and present marketing and analytical studies Present insights and conclusions to decision-makers at leading FMCG companies Bachelor’s degree in Economics, Business Administration, Marketing, or a related field High analytical ability, logical thinking, and creativity Strong capability to derive practical conclusions from quantitative data High level of independence, diligence, and task management skills in a dynamic environment Full proficiency in Microsoft Office, with a strong emphasis on Excel and PowerPoint No prior professional experience required
Link: https://www.indeed.com/viewjob?jk=466348bfe369d377",https://www.indeed.com/viewjob?jk=466348bfe369d377
graduate analytics position tel aviv retail data,"For a **graduate analytics position in Tel Aviv** with a **retail/data** angle, the best match in the available jobs is:

### 1) Junior Research Analyst — StoreNext
- **Location:** Tel Aviv-Yafo
- **Experience:** **0+**, explicitly **no prior professional experience required**
- **Why it fits:** This is the strongest graduate-level option. It works with **POS data from thousands of retail stores in Israel**, which is very relevant to retail analytics. It focuses on:
  - analyzing market and sales data
  - generating insights and trends
  - presenting findings to business decision-makers
- **Good for someone starting out in analytics**, especially with a retail/FMCG interest.

### 2) DATA ANALYST – E-COMMERCE | TEL AVIV — NEOVITY
- **Location:** Tel Aviv-Yafo
- **Experience:** **3+ years**
- **Why it’s relevant:** It’s in **Tel Aviv** and has a strong **data / product / e-commerce** focus, including:
  - **SQL, Python**
  - dashboards and KPI building
  - **A/B testing**
  - analytics for e-commerce performance
- **But:** it’s **not graduate-level**; it requires prior experience.

### 3) BI Analyst — Unilink Ltd.
- **Location:** Tel Aviv-Yafo
- **Experience:** **3+ years**
- **Why it’s relevant:** Strong BI/data warehouse role in Tel Aviv with SQL and dashboards.
- **But:** also **not graduate-level**.

### Best recommendation
If you’re looking for an **entry-level / graduate analytics job in Tel Aviv with retail data**, **StoreNext Junior Research Analyst** is the best fit from the context.

If you want, I can also narrow this down further for:
- **only true graduate roles**
- **only retail / FMCG roles**
- **only SQL / Python analytics roles**","Title: Junior Research Analyst
Company: StoreNext
City: Tel Aviv-Yafo, Tel Aviv District, Israel
Platform: Indeed
Experience level: 0+
Skills: Excel, Finance / Economics Knowledge, Presentation Skills
Job description: (Entry-Level | No Prior Experience Required) StoreNext is a leading technology company specializing in research and market data analysis within Israel’s Fast-Moving Consumer Goods (FMCG) industry. We provide data-driven insights to brand, marketing, and commercial leaders, directly influencing strategic decisions in one of the most dynamic and competitive markets We are looking for a motivated and analytical Junior Analyst to join our research team This is an excellent entry-level opportunity for recent graduates who are eager to begin a career in data analysis, market research, and business consulting — working with real market data from thousands of retail stores across Israel : Responsibilities Process and analyze large-scale point-of-sale (POS) data from thousands of retail locations Generate insights and identify key trends in the Israeli consumer goods market Conduct market reviews based on real sales data and consumer behavior analysis Provide actionable marketing and commercial recommendations to support optimal brand management Work closely with company clients to define, execute, and present marketing and analytical studies Present insights and conclusions to decision-makers at leading FMCG companies Bachelor’s degree in Economics, Business Administration, Marketing, or a related field High analytical ability, logical thinking, and creativity Strong capability to derive practical conclusions from quantitative data High level of independence, diligence, and task management skills in a dynamic environment Full proficiency in Microsoft Office, with a strong emphasis on Excel and PowerPoint No prior professional experience required
Link: https://www.indeed.com/viewjob?jk=466348bfe369d377",https://www.indeed.com/viewjob?jk=466348bfe369d377
data analysis job for economics graduate in tel aviv,"Here are the most relevant jobs in **Tel Aviv** for an **economics graduate looking for data analysis work**:

### 1) Junior Research Analyst — StoreNext
- **Location:** Tel Aviv-Yafo
- **Experience:** Entry-level / 0+
- **Why it fits:** This is the best match for an economics graduate. The role explicitly asks for a **Bachelor's degree in Economics, Business Administration, Marketing, or related field**, and focuses on **data analysis, market research, POS data, and consumer behavior**.
- **Good if you want:** A first data role with business and market insights work.
- **Skills mentioned:** Excel, finance/economics knowledge, presentation skills

### 2) Sr. Product Analyst — Guardz
- **Location:** Tel Aviv-Yafo
- **Experience:** 3+
- **Why it fits:** This is a stronger match if you already have experience. It explicitly values **Finance / Economics Knowledge** and involves **SQL, Python, experimentation, funnels, retention, and product analytics**.
- **Good if you want:** A more advanced analytics role in a SaaS company.
- **Skills mentioned:** SQL, Python, A/B testing, dbt, machine learning, finance/economics knowledge

### 3) BI Analyst — Unilink Ltd.
- **Location:** Tel Aviv-Yafo
- **Experience:** 3+
- **Why it fits:** This is a solid data/BI job in Tel Aviv, with work on **SQL, dashboards, data warehousing, and business analysis**. It’s not specifically tailored to economics graduates, but it is very relevant to a data analysis background.
- **Good if you want:** BI / dashboard / SQL-heavy work.
- **Skills mentioned:** SQL, DWH, Power BI/Qlik Sense, ETL

If you want, I can also narrow these down to:
- **entry-level only**
- **jobs specifically for economics graduates**
- **jobs that are easiest to get without prior experience**","Title: Junior Research Analyst
Company: StoreNext
City: Tel Aviv-Yafo, Tel Aviv District, Israel
Platform: Indeed
Experience level: 0+
Skills: Excel, Finance / Economics Knowledge, Presentation Skills
Job description: (Entry-Level | No Prior Experience Required) StoreNext is a leading technology company specializing in research and market data analysis within Israel’s Fast-Moving Consumer Goods (FMCG) industry. We provide data-driven insights to brand, marketing, and commercial leaders, directly influencing strategic decisions in one of the most dynamic and competitive markets We are looking for a motivated and analytical Junior Analyst to join our research team This is an excellent entry-level opportunity for recent graduates who are eager to begin a career in data analysis, market research, and business consulting — working with real market data from thousands of retail stores across Israel : Responsibilities Process and analyze large-scale point-of-sale (POS) data from thousands of retail locations Generate insights and identify key trends in the Israeli consumer goods market Conduct market reviews based on real sales data and consumer behavior analysis Provide actionable marketing and commercial recommendations to support optimal brand management Work closely with company clients to define, execute, and present marketing and analytical studies Present insights and conclusions to decision-makers at leading FMCG companies Bachelor’s degree in Economics, Business Administration, Marketing, or a related field High analytical ability, logical thinking, and creativity Strong capability to derive practical conclusions from quantitative data High level of independence, diligence, and task management skills in a dynamic environment Full proficiency in Microsoft Office, with a strong emphasis on Excel and PowerPoint No prior professional experience required
Link: https://www.indeed.com/viewjob?jk=466348bfe369d377",https://www.indeed.com/viewjob?jk=466348bfe369d377
junior data analyst jobs in raanana,"I found one junior data analyst job in Ra’anana:

1. **Junior Research Analyst — StoreNext**  
   - **Location:** Ra’anana, Center District, Israel  
   - **Experience:** 0+ / entry-level  
   - **Why it matches:** This is a junior, no-experience-required analytics role focused on processing and analyzing POS data, identifying trends, and presenting insights. It’s especially relevant if you’re looking for an entry-level data analyst path in Ra’anana.  
   - **Skills:** Excel, Finance/Economics knowledge, Presentation Skills  
   - **Link:** https://www.indeed.com/viewjob?jk=241e7d5657b0a7d0

If you want, I can also look for **other junior analytics jobs near Ra’anana** or **jobs in Ra’anana with SQL/Python**.","Title: Junior Research Analyst
Company: StoreNext
City: Raanana, Center District, Israel
Platform: Indeed
Experience level: 0+
Skills: Excel, Finance / Economics Knowledge, Presentation Skills
Job description: (Entry-Level | No Prior Experience Required) StoreNext is a leading technology company specializing in research and market data analysis within Israel’s Fast-Moving Consumer Goods (FMCG) industry. We provide data-driven insights to brand, marketing, and commercial leaders, directly influencing strategic decisions in one of the most dynamic and competitive markets We are looking for a motivated and analytical Junior Analyst to join our research team This is an excellent entry-level opportunity for recent graduates who are eager to begin a career in data analysis, market research, and business consulting — working with real market data from thousands of retail stores across Israel : Responsibilities Process and analyze large-scale point-of-sale (POS) data from thousands of retail locations Generate insights and identify key trends in the Israeli consumer goods market Conduct market reviews based on real sales data and consumer behavior analysis Provide actionable marketing and commercial recommendations to support optimal brand management Work closely with company clients to define, execute, and present marketing and analytical studies Present insights and conclusions to decision-makers at leading FMCG companies Bachelor’s degree in Economics, Business Administration, Marketing, or a related field High analytical ability, logical thinking, and creativity Strong capability to derive practical conclusions from quantitative data High level of independence, diligence, and task management skills in a dynamic environment Full proficiency in Microsoft Office, with a strong emphasis on Excel and PowerPoint No prior professional experience required
Link: https://www.indeed.com/viewjob?jk=241e7d5657b0a7d0",https://www.indeed.com/viewjob?jk=241e7d5657b0a7d0
entry level market research analyst israel no experience,"Here are the best matches for an **entry-level market research analyst job in Israel with no experience**:

### 1) Junior Research Analyst — StoreNext
- **Location:** Raanana, Center District, Israel
- **Experience:** **0+ / no prior experience required**
- **Why it matches:** This is the strongest match for market research. The role is specifically in **research and market data analysis** in Israel’s FMCG industry, working with **real sales/POS data**, generating insights, and presenting findings.
- **Key skills:** Excel, finance/economics knowledge, presentation skills

### 2) Junior Research Analyst — StoreNext
- **Location:** Tel Aviv-Yafo, Tel Aviv District, Israel
- **Experience:** **0+ / no prior experience required**
- **Why it matches:** Same type of role as above, also clearly entry-level and focused on **market research, data analysis, and business insights**.
- **Key skills:** Excel, PowerPoint, analytical thinking, economics/business/marketing background

### Why these are the best fits
These StoreNext roles are the only ones in the provided data that are:
- explicitly **entry-level**
- explicitly **no prior experience required**
- directly related to **market research / research analyst work**
- located in **Israel**

The other jobs are in **cybersecurity, compliance, or SOC**, so they do **not** match your market research background.

If you want, I can also help narrow it down further by **city** or **skills like Excel / research / economics**.","Title: Junior Research Analyst
Company: StoreNext
City: Raanana, Center District, Israel
Platform: Indeed
Experience level: 0+
Skills: Excel, Finance / Economics Knowledge, Presentation Skills
Job description: (Entry-Level | No Prior Experience Required) StoreNext is a leading technology company specializing in research and market data analysis within Israel’s Fast-Moving Consumer Goods (FMCG) industry. We provide data-driven insights to brand, marketing, and commercial leaders, directly influencing strategic decisions in one of the most dynamic and competitive markets We are looking for a motivated and analytical Junior Analyst to join our research team This is an excellent entry-level opportunity for recent graduates who are eager to begin a career in data analysis, market research, and business consulting — working with real market data from thousands of retail stores across Israel : Responsibilities Process and analyze large-scale point-of-sale (POS) data from thousands of retail locations Generate insights and identify key trends in the Israeli consumer goods market Conduct market reviews based on real sales data and consumer behavior analysis Provide actionable marketing and commercial recommendations to support optimal brand management Work closely with company clients to define, execute, and present marketing and analytical studies Present insights and conclusions to decision-makers at leading FMCG companies Bachelor’s degree in Economics, Business Administration, Marketing, or a related field High analytical ability, logical thinking, and creativity Strong capability to derive practical conclusions from quantitative data High level of independence, diligence, and task management skills in a dynamic environment Full proficiency in Microsoft Office, with a strong emphasis on Excel and PowerPoint No prior professional experience required
Link: https://www.indeed.com/viewjob?jk=241e7d5657b0a7d0",https://www.indeed.com/viewjob?jk=241e7d5657b0a7d0
excel powerpoint analyst role near tel aviv area,"Here are the best matches near the Tel Aviv area for an Excel / PowerPoint analyst role:

### 1) Junior Research Analyst — StoreNext
- **Location:** Tel Aviv-Yafo
- **Experience:** 0+ / entry-level
- **Why it fits:** This is the strongest match for **Excel and PowerPoint**. The role explicitly requires **full proficiency in Microsoft Office**, with a strong emphasis on **Excel and PowerPoint**. It’s also analyst-oriented and located in Tel Aviv.
- **Good for:** Entry-level candidates looking for market research, business analysis, and presentation work.

### 2) Junior Research Analyst — StoreNext
- **Location:** Ra'anana
- **Experience:** 0+ / entry-level
- **Why it fits:** Same Excel/PowerPoint-heavy role, but in the **Center District**, which is still near Tel Aviv.
- **Good for:** If you’re open to a short commute outside central Tel Aviv.

### 3) BI Analyst — Unilink Ltd.
- **Location:** Tel Aviv-Yafo
- **Experience:** 3+
- **Why it may fit partially:** This is a more advanced analyst role in Tel Aviv, but the listed skills are mainly **SQL, BI/DWH, Power BI/Qlik, ETL** rather than Excel/PowerPoint. It’s relevant if you want a stronger data/BI path.

### Less relevant
- **Sr. Product Analyst — Guardz** is a strong data role in Tel Aviv, but it focuses on **SQL, Python, A/B testing, dbt, and product analytics**, not Excel/PowerPoint.
- **SOC Analyst** is a cybersecurity role, so it’s not a good match for an analyst role in the Excel/PowerPoint sense.

If you want, I can narrow this further to:
- **entry-level only**
- **Tel Aviv only**
- **office/market research analyst roles with Excel and PowerPoint**","Title: Junior Research Analyst
Company: StoreNext
City: Raanana, Center District, Israel
Platform: Indeed
Experience level: 0+
Skills: Excel, Finance / Economics Knowledge, Presentation Skills
Job description: (Entry-Level | No Prior Experience Required) StoreNext is a leading technology company specializing in research and market data analysis within Israel’s Fast-Moving Consumer Goods (FMCG) industry. We provide data-driven insights to brand, marketing, and commercial leaders, directly influencing strategic decisions in one of the most dynamic and competitive markets We are looking for a motivated and analytical Junior Analyst to join our research team This is an excellent entry-level opportunity for recent graduates who are eager to begin a career in data analysis, market research, and business consulting — working with real market data from thousands of retail stores across Israel : Responsibilities Process and analyze large-scale point-of-sale (POS) data from thousands of retail locations Generate insights and identify key trends in the Israeli consumer goods market Conduct market reviews based on real sales data and consumer behavior analysis Provide actionable marketing and commercial recommendations to support optimal brand management Work closely with company clients to define, execute, and present marketing and analytical studies Present insights and conclusions to decision-makers at leading FMCG companies Bachelor’s degree in Economics, Business Administration, Marketing, or a related field High analytical ability, logical thinking, and creativity Strong capability to derive practical conclusions from quantitative data High level of independence, diligence, and task management skills in a dynamic environment Full proficiency in Microsoft Office, with a strong emphasis on Excel and PowerPoint No prior professional experience required
Link: https://www.indeed.com/viewjob?jk=241e7d5657b0a7d0",https://www.indeed.com/viewjob?jk=241e7d5657b0a7d0
business analyst trainee FMCG company raanana,"Here are the most relevant matches for **business analyst trainee** roles in or near **Ra'anana**, with an FMCG angle:

1. **Junior Research Analyst — StoreNext**
   - **Location:** Ra'anana
   - **Why it matches:** This is the strongest fit for your query because it’s in Ra'anana and directly focused on **FMCG** market data analysis.
   - **Entry level:** Yes, **0+ experience**
   - **Relevant skills:** Excel, finance/economics knowledge, presentation skills
   - **Role focus:** POS data analysis, market trends, consumer behavior, client presentations

2. **Junior Research Analyst — StoreNext**
   - **Location:** Tel Aviv-Yafo
   - **Why it matches:** Same FMCG-focused junior analyst role, but in a nearby city if you’re open to commuting.
   - **Entry level:** Yes, **0+ experience**
   - **Relevant skills:** Excel, finance/economics knowledge, presentation skills
   - **Role focus:** Market research, sales data analysis, commercial recommendations

3. **Business Analyst (Graduate Trainee) — Samsung India**
   - **Location:** Petah Tikva
   - **Why it matches:** This is a **graduate trainee** business analyst role, so it fits the trainee level. It also involves **sales, pricing, promotions, reporting, and dashboards**, which are very relevant to business analysis.
   - **Entry level:** Yes, **0+ experience**
   - **Relevant skills:** Excel, analytical thinking, business-related degree, English
   - **Note:** It’s in consumer electronics rather than FMCG, and not in Ra'anana, but it is still a good trainee business analyst option.

If you want, I can also narrow this down to:
- **only Ra'anana jobs**
- **only FMCG jobs**
- **only trainee / no-experience roles**","Title: Junior Research Analyst
Company: StoreNext
City: Raanana, Center District, Israel
Platform: Indeed
Experience level: 0+
Skills: Excel, Finance / Economics Knowledge, Presentation Skills
Job description: (Entry-Level | No Prior Experience Required) StoreNext is a leading technology company specializing in research and market data analysis within Israel’s Fast-Moving Consumer Goods (FMCG) industry. We provide data-driven insights to brand, marketing, and commercial leaders, directly influencing strategic decisions in one of the most dynamic and competitive markets We are looking for a motivated and analytical Junior Analyst to join our research team This is an excellent entry-level opportunity for recent graduates who are eager to begin a career in data analysis, market research, and business consulting — working with real market data from thousands of retail stores across Israel : Responsibilities Process and analyze large-scale point-of-sale (POS) data from thousands of retail locations Generate insights and identify key trends in the Israeli consumer goods market Conduct market reviews based on real sales data and consumer behavior analysis Provide actionable marketing and commercial recommendations to support optimal brand management Work closely with company clients to define, execute, and present marketing and analytical studies Present insights and conclusions to decision-makers at leading FMCG companies Bachelor’s degree in Economics, Business Administration, Marketing, or a related field High analytical ability, logical thinking, and creativity Strong capability to derive practical conclusions from quantitative data High level of independence, diligence, and task management skills in a dynamic environment Full proficiency in Microsoft Office, with a strong emphasis on Excel and PowerPoint No prior professional experience required
Link: https://www.indeed.com/viewjob?jk=241e7d5657b0a7d0",https://www.indeed.com/viewjob?jk=241e7d5657b0a7d0
data research job for recent graduates in israel,"Here are the best matches for a **data research job for recent graduates in Israel**:

### 1) Junior Research Analyst — StoreNext
**Locations:** Tel Aviv-Yafo, Raanana, Judean Foothills, Petah Tikva, Israel  
**Experience level:** 0+ / no prior experience required  
**Why it fits:**  
- Explicitly says it is an **entry-level opportunity for recent graduates**
- Focuses on **data analysis, market research, and business consulting**
- Work includes **processing and analyzing POS data**, finding trends, and presenting insights
- Strong match if you have **Excel** and a background in **economics, business, or marketing**

### 2) Junior Research Analyst — StoreNext (same role in multiple locations)
These postings are the same type of role, just in different cities:
- **Tel Aviv-Yafo**
- **Raanana**
- **Judean Foothills**
- **Petah Tikva**

If you want, I can also help narrow these down by:
- **city**
- **industry**
- **skills like Excel / economics / market research**
- **fully entry-level jobs only**

I don't know based on the available job data for any additional recent-graduate data research jobs beyond these postings.","Title: Junior Research Analyst
Company: StoreNext
City: Raanana, Center District, Israel
Platform: Indeed
Experience level: 0+
Skills: Excel, Finance / Economics Knowledge, Presentation Skills
Job description: (Entry-Level | No Prior Experience Required) StoreNext is a leading technology company specializing in research and market data analysis within Israel’s Fast-Moving Consumer Goods (FMCG) industry. We provide data-driven insights to brand, marketing, and commercial leaders, directly influencing strategic decisions in one of the most dynamic and competitive markets We are looking for a motivated and analytical Junior Analyst to join our research team This is an excellent entry-level opportunity for recent graduates who are eager to begin a career in data analysis, market research, and business consulting — working with real market data from thousands of retail stores across Israel : Responsibilities Process and analyze large-scale point-of-sale (POS) data from thousands of retail locations Generate insights and identify key trends in the Israeli consumer goods market Conduct market reviews based on real sales data and consumer behavior analysis Provide actionable marketing and commercial recommendations to support optimal brand management Work closely with company clients to define, execute, and present marketing and analytical studies Present insights and conclusions to decision-makers at leading FMCG companies Bachelor’s degree in Economics, Business Administration, Marketing, or a related field High analytical ability, logical thinking, and creativity Strong capability to derive practical conclusions from quantitative data High level of independence, diligence, and task management skills in a dynamic environment Full proficiency in Microsoft Office, with a strong emphasis on Excel and PowerPoint No prior professional experience required
Link: https://www.indeed.com/viewjob?jk=241e7d5657b0a7d0",https://www.indeed.com/viewjob?jk=241e7d5657b0a7d0
entry level data analyst jobs in Israel economics background Excel,"Here are the best matches in the available jobs for **entry-level data analyst jobs in Israel** with an **economics background** and **Excel**:

### 1) Junior Research Analyst — StoreNext
- **Locations:** Raanana, Center District; Tel Aviv-Yafo, Tel Aviv District
- **Experience:** 0+ / no prior experience required
- **Why it fits:** This is the strongest match for your profile:
  - Requires a **Bachelor’s degree in Economics** or related field
  - Strong focus on **data analysis**, **market research**, and **quantitative insights**
  - Explicitly asks for **advanced Excel / Microsoft Office**
  - Entry-level with **no prior professional experience required**

### 2) Junior BI/Data Analyst – Entry Level — Experis
- **Location:** Tel Aviv-Yafo, Tel Aviv District
- **Experience:** 0+
- **Why it fits:**
  - Open to graduates with a background in **Economics**
  - Entry-level **Data & BI** role
  - Good if you’re open to learning **SQL and Power BI**
  - More BI-focused than Excel-focused, but still relevant for a data analyst path

### 3) Entry-Level Consultant – Compliance, AML & ESG — PwC Israel
- **Location:** Tel Aviv-Yafo, Tel Aviv District
- **Experience:** 3+
- **Why it fits somewhat:**
  - Mentions **Finance / Economics knowledge**
  - Requires **advanced Excel**
  - However, this role is more **risk/compliance/advisory** than a data analyst job, and it expects **3+ years** experience

### Best overall match
If you want the closest fit to **entry-level data analyst + economics + Excel**, I’d recommend:
1. **Junior Research Analyst — StoreNext**
2. **Junior BI/Data Analyst – Experis**

If you want, I can also narrow these down to:
- **only Tel Aviv jobs**
- **only no-experience jobs**
- **only pure data analyst roles, excluding consulting/compliance**","Title: Junior Research Analyst
Company: StoreNext
City: Judean Foothills, Center District, Israel
Platform: Indeed
Experience level: 0+
Skills: Excel, Finance / Economics Knowledge, Presentation Skills
Job description: (Entry-Level | No Prior Experience Required) StoreNext is a leading technology company specializing in research and market data analysis within Israel’s Fast-Moving Consumer Goods (FMCG) industry. We provide data-driven insights to brand, marketing, and commercial leaders, directly influencing strategic decisions in one of the most dynamic and competitive markets We are looking for a motivated and analytical Junior Analyst to join our research team This is an excellent entry-level opportunity for recent graduates who are eager to begin a career in data analysis, market research, and business consulting — working with real market data from thousands of retail stores across Israel : Responsibilities Process and analyze large-scale point-of-sale (POS) data from thousands of retail locations Generate insights and identify key trends in the Israeli consumer goods market Conduct market reviews based on real sales data and consumer behavior analysis Provide actionable marketing and commercial recommendations to support optimal brand management Work closely with company clients to define, execute, and present marketing and analytical studies Present insights and conclusions to decision-makers at leading FMCG companies Bachelor’s degree in Economics, Business Administration, Marketing, or a related field High analytical ability, logical thinking, and creativity Strong capability to derive practical conclusions from quantitative data High level of independence, diligence, and task management skills in a dynamic environment Full proficiency in Microsoft Office, with a strong emphasis on Excel and PowerPoint No prior professional experience required
Link: https://www.indeed.com/viewjob?jk=c54a7af776fda9d4",https://www.indeed.com/viewjob?jk=c54a7af776fda9d4
junior market research analyst FMCG Israel no experience,"Here are the best matches for **junior market research analyst FMCG in Israel with no experience**:

### 1) Junior Research Analyst — StoreNext
**Locations:** Tel Aviv-Yafo, Raanana, Judean Foothills, Petah Tikva, Israel  
**Experience:** 0+ / No prior professional experience required  
**Why it fits:**
- Directly in **market research** and **market data analysis**
- Focuses on **Israel’s FMCG industry**
- Explicitly says **entry-level** and **no prior experience required**
- Matches skills like **Excel**, **presentation skills**, and **finance/economics knowledge**
- Involves analyzing POS data, identifying market trends, and presenting insights to FMCG leaders

### Best options by location
- **Tel Aviv-Yafo** — StoreNext
- **Raanana** — StoreNext
- **Petah Tikva** — StoreNext
- **Judean Foothills** — StoreNext

### Not a match
- **Technical Support Engineer III, Israel — Cohesity**
  - This is a technical support role, not market research or FMCG

If you want, I can also narrow these down to the **best city for commute**, or rank them by **fit for a fresh graduate**.","Title: Junior Research Analyst
Company: StoreNext
City: Judean Foothills, Center District, Israel
Platform: Indeed
Experience level: 0+
Skills: Excel, Finance / Economics Knowledge, Presentation Skills
Job description: (Entry-Level | No Prior Experience Required) StoreNext is a leading technology company specializing in research and market data analysis within Israel’s Fast-Moving Consumer Goods (FMCG) industry. We provide data-driven insights to brand, marketing, and commercial leaders, directly influencing strategic decisions in one of the most dynamic and competitive markets We are looking for a motivated and analytical Junior Analyst to join our research team This is an excellent entry-level opportunity for recent graduates who are eager to begin a career in data analysis, market research, and business consulting — working with real market data from thousands of retail stores across Israel : Responsibilities Process and analyze large-scale point-of-sale (POS) data from thousands of retail locations Generate insights and identify key trends in the Israeli consumer goods market Conduct market reviews based on real sales data and consumer behavior analysis Provide actionable marketing and commercial recommendations to support optimal brand management Work closely with company clients to define, execute, and present marketing and analytical studies Present insights and conclusions to decision-makers at leading FMCG companies Bachelor’s degree in Economics, Business Administration, Marketing, or a related field High analytical ability, logical thinking, and creativity Strong capability to derive practical conclusions from quantitative data High level of independence, diligence, and task management skills in a dynamic environment Full proficiency in Microsoft Office, with a strong emphasis on Excel and PowerPoint No prior professional experience required
Link: https://www.indeed.com/viewjob?jk=c54a7af776fda9d4",https://www.indeed.com/viewjob?jk=c54a7af776fda9d4
research analyst job center district Israel PowerPoint Excel,"Here are the most relevant jobs in the Center District, Israel for **research analyst + Excel/PowerPoint**:

1. **Junior Research Analyst — StoreNext**
   - **Location:** Ra'anana, Center District, Israel
   - **Why it matches:** This is the strongest match. It’s a research/market data analysis role, requires **Excel** and **PowerPoint**, and is **entry-level / 0+ experience**.
   - **Link:** https://www.indeed.com/viewjob?jk=241e7d5657b0a7d0

2. **Junior Research Analyst — StoreNext**
   - **Location:** Tel Aviv-Yafo, Tel Aviv District, Israel
   - **Why it matches:** Same role and same skill set: **research analysis**, **Excel**, and **PowerPoint**. It’s not in the Center District, but it is very close and still highly relevant.
   - **Link:** https://www.indeed.com/viewjob?jk=466348bfe369d377

If you want, I can also look for **more analyst jobs in the Center District that use Excel and presentations**, even if they are not specifically “research analyst.”","Title: Junior Research Analyst
Company: StoreNext
City: Judean Foothills, Center District, Israel
Platform: Indeed
Experience level: 0+
Skills: Excel, Finance / Economics Knowledge, Presentation Skills
Job description: (Entry-Level | No Prior Experience Required) StoreNext is a leading technology company specializing in research and market data analysis within Israel’s Fast-Moving Consumer Goods (FMCG) industry. We provide data-driven insights to brand, marketing, and commercial leaders, directly influencing strategic decisions in one of the most dynamic and competitive markets We are looking for a motivated and analytical Junior Analyst to join our research team This is an excellent entry-level opportunity for recent graduates who are eager to begin a career in data analysis, market research, and business consulting — working with real market data from thousands of retail stores across Israel : Responsibilities Process and analyze large-scale point-of-sale (POS) data from thousands of retail locations Generate insights and identify key trends in the Israeli consumer goods market Conduct market reviews based on real sales data and consumer behavior analysis Provide actionable marketing and commercial recommendations to support optimal brand management Work closely with company clients to define, execute, and present marketing and analytical studies Present insights and conclusions to decision-makers at leading FMCG companies Bachelor’s degree in Economics, Business Administration, Marketing, or a related field High analytical ability, logical thinking, and creativity Strong capability to derive practical conclusions from quantitative data High level of independence, diligence, and task management skills in a dynamic environment Full proficiency in Microsoft Office, with a strong emphasis on Excel and PowerPoint No prior professional experience required
Link: https://www.indeed.com/viewjob?jk=c54a7af776fda9d4",https://www.indeed.com/viewjob?jk=c54a7af776fda9d4
business analyst for consumer goods company in Israel fresh graduate,"Here are the best matches for a **fresh graduate looking for a business analyst role in a consumer goods company in Israel**:

### 1) Junior Research Analyst — StoreNext
- **Locations:** Raanana, Tel Aviv-Yafo, Judean Foothills
- **Experience:** Entry-level, **no prior experience required**
- **Why it fits:** This is the strongest match. It’s in the **FMCG / consumer goods** space and focuses on **data analysis, market research, business consulting, and presenting insights** to decision-makers.
- **Good for if you want:** A business analyst–type role with consumer goods exposure.

### 2) Business Analyst (Graduate Trainee) — Samsung India
- **Location:** Petah Tikva
- **Experience:** **Graduate program**, completed degree within the past 12 months
- **Why it fits:** This role involves **reporting, sales analysis, pricing and promotions tracking, dashboards, and process improvement**. It’s more of a **business analyst / operations analyst** role.
- **Good for if you want:** A structured graduate role in a large company, though it’s in **consumer electronics**, not consumer goods/FMCG.

### Best overall match
If your main goal is **consumer goods + business analyst + fresh graduate**, the **StoreNext Junior Research Analyst** roles are the closest fit.

If you want, I can also rank these by:
- **best for fresh graduates**
- **best for business analyst skills**
- **best for consumer goods exposure**","Title: Junior Research Analyst
Company: StoreNext
City: Judean Foothills, Center District, Israel
Platform: Indeed
Experience level: 0+
Skills: Excel, Finance / Economics Knowledge, Presentation Skills
Job description: (Entry-Level | No Prior Experience Required) StoreNext is a leading technology company specializing in research and market data analysis within Israel’s Fast-Moving Consumer Goods (FMCG) industry. We provide data-driven insights to brand, marketing, and commercial leaders, directly influencing strategic decisions in one of the most dynamic and competitive markets We are looking for a motivated and analytical Junior Analyst to join our research team This is an excellent entry-level opportunity for recent graduates who are eager to begin a career in data analysis, market research, and business consulting — working with real market data from thousands of retail stores across Israel : Responsibilities Process and analyze large-scale point-of-sale (POS) data from thousands of retail locations Generate insights and identify key trends in the Israeli consumer goods market Conduct market reviews based on real sales data and consumer behavior analysis Provide actionable marketing and commercial recommendations to support optimal brand management Work closely with company clients to define, execute, and present marketing and analytical studies Present insights and conclusions to decision-makers at leading FMCG companies Bachelor’s degree in Economics, Business Administration, Marketing, or a related field High analytical ability, logical thinking, and creativity Strong capability to derive practical conclusions from quantitative data High level of independence, diligence, and task management skills in a dynamic environment Full proficiency in Microsoft Office, with a strong emphasis on Excel and PowerPoint No prior professional experience required
Link: https://www.indeed.com/viewjob?jk=c54a7af776fda9d4",https://www.indeed.com/viewjob?jk=c54a7af776fda9d4
analyst role near Jerusalem area with Excel and presentation skills,"Here are the most relevant matches for an **analyst role near Jerusalem** with **Excel** and **presentation skills**:

### 1) Junior Research Analyst — StoreNext
- **Location:** Tel Aviv-Yafo, Center District  
- **Experience:** 0+  
- **Skills:** Excel, Finance/Economics knowledge, **Presentation Skills**
- **Why it matches:** This is the strongest fit for your skill mix. It’s an entry-level analyst role, explicitly requires **Excel** and **PowerPoint/presentation of insights**, and involves presenting conclusions to decision-makers.
- Link: https://www.indeed.com/viewjob?jk=466348bfe369d377

### 2) Team Associate - Jerusalem Area — G-Med
- **Location:** Kiryat Anavim, Jerusalem District  
- **Experience:** 0+  
- **Skills:** English, **Excel**
- **Why it matches:** This is the closest option geographically to Jerusalem. It’s not a pure analyst role, but it does require **Excel** and is based in the **Jerusalem District**.
- Link: https://il.linkedin.com/jobs/view/team-associate-jerusalem-area-at-g-med-4397885958

### 3) Junior Research Analyst — StoreNext
- **Location:** Raanana, Center District  
- **Experience:** 0+  
- **Skills:** Excel, Finance/Economics knowledge, **Presentation Skills**
- **Why it matches:** Same role as above, also a strong entry-level analyst position with presentation responsibility, but it is farther from Jerusalem.
- Link: https://www.indeed.com/viewjob?jk=241e7d5657b0a7d0

### Less relevant
- **CPA / Financial Analyst** — requires **2–5 years** and CPA certification, so it’s not entry-level.
- **Industrial & Management Engineer for Inventory Analyst Role** — relevant analytically, but located in **Beer Sheva** and requires an engineering degree.

If you want, I can also narrow this down to **only jobs in Jerusalem District** or **only true analyst roles**.","Title: Junior Research Analyst
Company: StoreNext
City: Judean Foothills, Center District, Israel
Platform: Indeed
Experience level: 0+
Skills: Excel, Finance / Economics Knowledge, Presentation Skills
Job description: (Entry-Level | No Prior Experience Required) StoreNext is a leading technology company specializing in research and market data analysis within Israel’s Fast-Moving Consumer Goods (FMCG) industry. We provide data-driven insights to brand, marketing, and commercial leaders, directly influencing strategic decisions in one of the most dynamic and competitive markets We are looking for a motivated and analytical Junior Analyst to join our research team This is an excellent entry-level opportunity for recent graduates who are eager to begin a career in data analysis, market research, and business consulting — working with real market data from thousands of retail stores across Israel : Responsibilities Process and analyze large-scale point-of-sale (POS) data from thousands of retail locations Generate insights and identify key trends in the Israeli consumer goods market Conduct market reviews based on real sales data and consumer behavior analysis Provide actionable marketing and commercial recommendations to support optimal brand management Work closely with company clients to define, execute, and present marketing and analytical studies Present insights and conclusions to decision-makers at leading FMCG companies Bachelor’s degree in Economics, Business Administration, Marketing, or a related field High analytical ability, logical thinking, and creativity Strong capability to derive practical conclusions from quantitative data High level of independence, diligence, and task management skills in a dynamic environment Full proficiency in Microsoft Office, with a strong emphasis on Excel and PowerPoint No prior professional experience required
Link: https://www.indeed.com/viewjob?jk=c54a7af776fda9d4",https://www.indeed.com/viewjob?jk=c54a7af776fda9d4
junior data analyst jobs petah tikva excel,"Here are the best matches for **junior data analyst jobs in Petah Tikva with Excel** from the available jobs:

### 1) Pricing Analyst – Leading Industrial Company
- **City:** Petah Tikva
- **Experience:** 3+ years
- **Skills:** Excel, finance/economics knowledge
- **Why it matches:** It’s in **Petah Tikva** and explicitly requires **high proficiency in Excel**.  
- **Note:** This is **not junior** — it requires **3+ years** of experience.

### 2) Junior Research Analyst – StoreNext
- **City:** Raanana / Tel Aviv-Yafo
- **Experience:** 0+
- **Skills:** Excel, finance/economics knowledge, presentation skills
- **Why it matches:** It’s a **junior/entry-level** analytics role with strong **Excel** requirements.
- **Note:** It is **not in Petah Tikva**, but it is the closest junior Excel-focused analyst role in the context.

### 3) Junior Data Analyst (Full-Time) - Rishon Le Zion
- **City:** Rishon Lezion
- **Experience:** 0+
- **Skills:** Excel, SQL, Python, R, statistics, data modeling
- **Why it matches:** It is a **junior data analyst** role and includes **Excel**.
- **Note:** It’s **not in Petah Tikva**, but it is a true junior data analyst position.

If you want, I can also narrow this down to **only junior roles near Petah Tikva** or **only Excel-heavy jobs**.","Title: Junior Research Analyst
Company: StoreNext
City: Petah Tikva, Center District, Israel
Platform: LinkedIn
Experience level: 0+
Skills: Excel, Finance / Economics Knowledge, Presentation Skills
Job description: (Entry-Level | No Prior Experience Required)StoreNext is a leading technology company specializing in research and market data analysis within Israel’s Fast-Moving Consumer Goods (FMCG) industry. We provide data-driven insights to brand, marketing, and commercial leaders, directly influencing strategic decisions in one of the most dynamic and competitive marketsWe are looking for a motivated and analytical Junior Analyst to join our research team This is an excellent entry-level opportunity for recent graduates who are eager to begin a career in data analysis, market research, and business consulting — working with real market data from thousands of retail stores across IsraelResponsibilities:Process and analyze large-scale point-of-sale (POS) data from thousands of retail locationsGenerate insights and identify key trends in the Israeli consumer goods marketConduct market reviews based on real sales data and consumer behavior analysisProvide actionable marketing and commercial recommendations to support optimal brand managementWork closely with company clients to define, execute, and present marketing and analytical studiesPresent insights and conclusions to decision-makers at leading FMCG companiesRequirements:Bachelor’s degree in Economics, Business Administration, Marketing, or a related fieldHigh analytical ability, logical thinking, and creativityStrong capability to derive practical conclusions from quantitative dataHigh level of independence, diligence, and task management skills in a dynamic environmentFull proficiency in Microsoft Office, with a strong emphasis on Excel and PowerPointNo prior professional experience required
Link: https://il.linkedin.com/jobs/view/junior-research-analyst-at-storenext-4405122252",https://il.linkedin.com/jobs/view/junior-research-analyst-at-storenext-4405122252
entry level market research analyst israel no experience,"For an **entry-level market research analyst role in Israel with no experience**, the best matches from the available jobs are:

### 1) Junior Research Analyst — StoreNext
**Locations:** Raanana, Center District, Israel  
**Also available in:** Tel Aviv-Yafo, Tel Aviv District, Israel  
**Experience:** 0+ / No prior experience required  
**Why it matches:**  
- Directly focused on **market research** and **data analysis**
- Entry-level role specifically for **recent graduates**
- No prior professional experience required
- Uses **Excel**, **PowerPoint**, and analytical thinking
- Involves analyzing real market and consumer data in Israel

This is the strongest match for your request.

### 2) Entry-Level Consultant – Compliance, AML & ESG — PwC Israel
**Location:** Tel Aviv-Yafo, Tel Aviv District, Israel  
**Experience:** Listed as 3+, so less ideal for no-experience candidates  
**Why it may be relevant:**  
- Entry-level consulting role with **research, benchmarking, and analytical work**
- Requires strong Excel and English
- More compliance/risk-focused than market research, so it’s a weaker match

### Not a good match
- **SOC Analyst entry level** — cybersecurity role, not market research
- **Information Security GRC Consultant** — cybersecurity/compliance, not market research

If you want, I can also narrow this down to **only true no-experience jobs in Tel Aviv or only in central Israel**.","Title: Junior Research Analyst
Company: StoreNext
City: Petah Tikva, Center District, Israel
Platform: LinkedIn
Experience level: 0+
Skills: Excel, Finance / Economics Knowledge, Presentation Skills
Job description: (Entry-Level | No Prior Experience Required)StoreNext is a leading technology company specializing in research and market data analysis within Israel’s Fast-Moving Consumer Goods (FMCG) industry. We provide data-driven insights to brand, marketing, and commercial leaders, directly influencing strategic decisions in one of the most dynamic and competitive marketsWe are looking for a motivated and analytical Junior Analyst to join our research team This is an excellent entry-level opportunity for recent graduates who are eager to begin a career in data analysis, market research, and business consulting — working with real market data from thousands of retail stores across IsraelResponsibilities:Process and analyze large-scale point-of-sale (POS) data from thousands of retail locationsGenerate insights and identify key trends in the Israeli consumer goods marketConduct market reviews based on real sales data and consumer behavior analysisProvide actionable marketing and commercial recommendations to support optimal brand managementWork closely with company clients to define, execute, and present marketing and analytical studiesPresent insights and conclusions to decision-makers at leading FMCG companiesRequirements:Bachelor’s degree in Economics, Business Administration, Marketing, or a related fieldHigh analytical ability, logical thinking, and creativityStrong capability to derive practical conclusions from quantitative dataHigh level of independence, diligence, and task management skills in a dynamic environmentFull proficiency in Microsoft Office, with a strong emphasis on Excel and PowerPointNo prior professional experience required
Link: https://il.linkedin.com/jobs/view/junior-research-analyst-at-storenext-4405122252",https://il.linkedin.com/jobs/view/junior-research-analyst-at-storenext-4405122252
economics graduate analyst role in petah tikva,"Here are the best matches for an **economics graduate analyst role in Petah Tikva**:

1. **Business Analyst (Graduate Trainee) — Samsung India**
   - **Location:** Petah Tikva
   - **Experience:** 0+ / graduate program
   - **Why it fits:** This is a true **graduate analyst role** in Petah Tikva. It involves **data analysis, reporting, pricing/promotional tracking, dashboards, and business insights**. It accepts **any business-related major**, which can fit an economics graduate.

2. **Pricing Analyst – Leading Industrial Company — UWORK**
   - **Location:** Petah Tikva
   - **Experience:** 3+
   - **Why it fits:** Strong match if you have some experience or are looking for a more specialized analyst path. It explicitly requires a **Bachelor’s in Economics or Business Administration** and focuses on **pricing, profitability analysis, budgeting, and financial controls**.

If you want, I can also narrow this down to:
- **entry-level only**
- **economics-specific roles**
- **analyst jobs in Petah Tikva only**","Title: Junior Research Analyst
Company: StoreNext
City: Petah Tikva, Center District, Israel
Platform: LinkedIn
Experience level: 0+
Skills: Excel, Finance / Economics Knowledge, Presentation Skills
Job description: (Entry-Level | No Prior Experience Required)StoreNext is a leading technology company specializing in research and market data analysis within Israel’s Fast-Moving Consumer Goods (FMCG) industry. We provide data-driven insights to brand, marketing, and commercial leaders, directly influencing strategic decisions in one of the most dynamic and competitive marketsWe are looking for a motivated and analytical Junior Analyst to join our research team This is an excellent entry-level opportunity for recent graduates who are eager to begin a career in data analysis, market research, and business consulting — working with real market data from thousands of retail stores across IsraelResponsibilities:Process and analyze large-scale point-of-sale (POS) data from thousands of retail locationsGenerate insights and identify key trends in the Israeli consumer goods marketConduct market reviews based on real sales data and consumer behavior analysisProvide actionable marketing and commercial recommendations to support optimal brand managementWork closely with company clients to define, execute, and present marketing and analytical studiesPresent insights and conclusions to decision-makers at leading FMCG companiesRequirements:Bachelor’s degree in Economics, Business Administration, Marketing, or a related fieldHigh analytical ability, logical thinking, and creativityStrong capability to derive practical conclusions from quantitative dataHigh level of independence, diligence, and task management skills in a dynamic environmentFull proficiency in Microsoft Office, with a strong emphasis on Excel and PowerPointNo prior professional experience required
Link: https://il.linkedin.com/jobs/view/junior-research-analyst-at-storenext-4405122252",https://il.linkedin.com/jobs/view/junior-research-analyst-at-storenext-4405122252
consumer goods data analysis jobs center district,"Here are the most relevant **consumer goods / FMCG data analysis jobs in Center District** from the available jobs:

1. **Technical Data Analyst — ONE datAI**  
   - **Location:** Shoham, Center District  
   - **Why it matches:** This is a true data analysis role and explicitly mentions **business understanding of FMCG (consumer goods)** as an advantage. It also involves SQL, Python/PySpark, Power BI, and data products.

2. **Junior Research Analyst — StoreNext**  
   - **Location:** Raanana, Center District  
   - **Why it matches:** StoreNext specializes in **research and market data analysis within Israel’s Fast-Moving Consumer Goods (FMCG) industry**. The role includes analyzing POS data and generating insights for the consumer goods market.
   - **Experience level:** Entry-level / 0+

3. **Junior Research Analyst — StoreNext**  
   - **Location:** Petah Tikva, Center District  
   - **Why it matches:** Same FMCG-focused analytics role as above, but in **Petah Tikva**. It’s also **entry-level**, so it may be a strong fit if you’re early in your career.

If you want, I can also narrow these down further by:
- **entry-level only**
- **SQL / Python / Power BI**
- **specific city in Center District**","Title: Junior Research Analyst
Company: StoreNext
City: Petah Tikva, Center District, Israel
Platform: LinkedIn
Experience level: 0+
Skills: Excel, Finance / Economics Knowledge, Presentation Skills
Job description: (Entry-Level | No Prior Experience Required)StoreNext is a leading technology company specializing in research and market data analysis within Israel’s Fast-Moving Consumer Goods (FMCG) industry. We provide data-driven insights to brand, marketing, and commercial leaders, directly influencing strategic decisions in one of the most dynamic and competitive marketsWe are looking for a motivated and analytical Junior Analyst to join our research team This is an excellent entry-level opportunity for recent graduates who are eager to begin a career in data analysis, market research, and business consulting — working with real market data from thousands of retail stores across IsraelResponsibilities:Process and analyze large-scale point-of-sale (POS) data from thousands of retail locationsGenerate insights and identify key trends in the Israeli consumer goods marketConduct market reviews based on real sales data and consumer behavior analysisProvide actionable marketing and commercial recommendations to support optimal brand managementWork closely with company clients to define, execute, and present marketing and analytical studiesPresent insights and conclusions to decision-makers at leading FMCG companiesRequirements:Bachelor’s degree in Economics, Business Administration, Marketing, or a related fieldHigh analytical ability, logical thinking, and creativityStrong capability to derive practical conclusions from quantitative dataHigh level of independence, diligence, and task management skills in a dynamic environmentFull proficiency in Microsoft Office, with a strong emphasis on Excel and PowerPointNo prior professional experience required
Link: https://il.linkedin.com/jobs/view/junior-research-analyst-at-storenext-4405122252",https://il.linkedin.com/jobs/view/junior-research-analyst-at-storenext-4405122252
excel powerpoint research analyst full time israel,"Here are the best matches from the available jobs for **Excel + PowerPoint + research analyst + full time in Israel**:

### 1) Junior Research Analyst — StoreNext
**Locations:** Tel Aviv-Yafo, Raanana, Judean Foothills, Israel  
**Why it matches:**
- Strong emphasis on **Excel and PowerPoint**
- Explicitly a **research / market analysis** role
- **Entry-level / no prior experience required**
- Full-time style analyst work with presenting insights to decision-makers
- Based in **Israel**

This is the clearest match to your request.

### 2) Junior Data Analyst (Full-Time) — Analytical Factor
**Location:** Rishon Lezion, Center District, Israel  
**Why it matches:**
- **Full-time** role in Israel
- Uses **Excel** heavily
- Data analysis / reporting / insights focus
- Includes **presentation skills**
- More technical than a pure research analyst role, with **SQL, Python, R** also listed

### Less relevant
- **Technical Support Engineer III, Israel — Cohesity**: not a research analyst role
- The StoreNext role is the strongest fit because it directly mentions **research**, **Excel**, **PowerPoint**, and **entry-level/full-time work**.

If you want, I can also narrow these down to **only Tel Aviv area**, **only entry-level**, or **only roles that mention PowerPoint explicitly**.","Title: Junior Research Analyst
Company: StoreNext
City: Petah Tikva, Center District, Israel
Platform: LinkedIn
Experience level: 0+
Skills: Excel, Finance / Economics Knowledge, Presentation Skills
Job description: (Entry-Level | No Prior Experience Required)StoreNext is a leading technology company specializing in research and market data analysis within Israel’s Fast-Moving Consumer Goods (FMCG) industry. We provide data-driven insights to brand, marketing, and commercial leaders, directly influencing strategic decisions in one of the most dynamic and competitive marketsWe are looking for a motivated and analytical Junior Analyst to join our research team This is an excellent entry-level opportunity for recent graduates who are eager to begin a career in data analysis, market research, and business consulting — working with real market data from thousands of retail stores across IsraelResponsibilities:Process and analyze large-scale point-of-sale (POS) data from thousands of retail locationsGenerate insights and identify key trends in the Israeli consumer goods marketConduct market reviews based on real sales data and consumer behavior analysisProvide actionable marketing and commercial recommendations to support optimal brand managementWork closely with company clients to define, execute, and present marketing and analytical studiesPresent insights and conclusions to decision-makers at leading FMCG companiesRequirements:Bachelor’s degree in Economics, Business Administration, Marketing, or a related fieldHigh analytical ability, logical thinking, and creativityStrong capability to derive practical conclusions from quantitative dataHigh level of independence, diligence, and task management skills in a dynamic environmentFull proficiency in Microsoft Office, with a strong emphasis on Excel and PowerPointNo prior professional experience required
Link: https://il.linkedin.com/jobs/view/junior-research-analyst-at-storenext-4405122252",https://il.linkedin.com/jobs/view/junior-research-analyst-at-storenext-4405122252
